"StudyID","SampID","StudySampID","SubSampID","SampInterval","BD_type","BD","C_method","OM_type","C_type","PercOM","PercC","depth_approximate","depth_top_cm","depth_bottom_cm"
"4","21","IBV","21a","0-1","M",1.62,"CHN",NA,"M",NA,1.3,FALSE,0,1
"4","21","IBV","21b","1-2","M",1.64,"CHN",NA,"M",NA,0.8,FALSE,1,2
"4","21","IBV","21c","2-3","M",1.68,"CHN",NA,"M",NA,0.5,FALSE,2,3
"4","21","IBV","21d","3-4","M",1.65,"CHN",NA,"M",NA,0.4,FALSE,3,4
"4","21","IBV","21e","4-5","M",1.65,"CHN",NA,"M",NA,0.4,FALSE,4,5
"4","21","IBV","21f","5-6","M",1.69,"CHN",NA,"M",NA,0.4,FALSE,5,6
"4","21","IBV","21g","6-7","M",1.66,"CHN",NA,"M",NA,0.3,FALSE,6,7
"4","21","IBV","21h","7-8","M",1.65,"CHN",NA,"M",NA,0.5,FALSE,7,8
"4","21","IBV","21i","8-9","M",1.7,"CHN",NA,"M",NA,0.3,FALSE,8,9
"4","21","IBV","21j","9-10","M",1.67,"CHN",NA,"M",NA,0.3,FALSE,9,10
"4","21","IBV","21k","10-12","M",1.7,"CHN",NA,"M",NA,0.2,FALSE,10,12
"4","21","IBV","21l","12-14","M",1.66,"CHN",NA,"M",NA,0.4,FALSE,12,14
"4","21","IBV","21m","14-16","M",1.7,"CHN",NA,"M",NA,0.3,FALSE,14,16
"4","21","IBV","21n","16-18","M",1.65,"CHN",NA,"M",NA,0.2,FALSE,16,18
"4","21","IBV","21o","18-20","M",1.7,"CHN",NA,"M",NA,0.3,FALSE,18,20
"4","21","IBV","21p","20-25","M",1.67,"CHN",NA,"M",NA,0.3,FALSE,20,25
"4","21","IBV","21q","25-30","M",1.66,"CHN",NA,"M",NA,0.8,FALSE,25,30
"4","21","IBV","21r","30-35","M",1.74,"CHN",NA,"M",NA,0.5,FALSE,30,35
"4","21","IBV","21s","35-40","M",1.76,"CHN",NA,"M",NA,0.9,FALSE,35,40
"4","21","IBV","21t","40-45","M",1.74,"CHN",NA,"M",NA,1.5,FALSE,40,45
"4","21","IBV","21u","45-50","E",1.74,NA,NA,"E",NA,1.5,FALSE,45,50
"4","23","IHV","23a","0-1","M",1.59,"CHN",NA,"M",NA,0.6,FALSE,0,1
"4","23","IHV","23b","1-2","M",1.58,"CHN",NA,"M",NA,0.6,FALSE,1,2
"4","23","IHV","23c","2-3","M",1.56,"CHN",NA,"M",NA,0.5,FALSE,2,3
"4","23","IHV","23d","3-4","M",1.57,"CHN",NA,"M",NA,0.4,FALSE,3,4
"4","23","IHV","23e","4-5","M",1.58,"CHN",NA,"M",NA,0.4,FALSE,4,5
"4","23","IHV","23f","5-6","M",1.61,"CHN",NA,"M",NA,0.3,FALSE,5,6
"4","23","IHV","23g","6-7","M",1.61,"CHN",NA,"M",NA,0.4,FALSE,6,7
"4","23","IHV","23h","7-8","M",1.54,"CHN",NA,"M",NA,0.3,FALSE,7,8
"4","23","IHV","23i","8-9","M",1.54,"CHN",NA,"M",NA,0.3,FALSE,8,9
"4","23","IHV","23j","9-10","M",1.58,"CHN",NA,"M",NA,0.5,FALSE,9,10
"4","23","IHV","23k","10-12","M",1.59,"CHN",NA,"M",NA,1.1,FALSE,10,12
"4","23","IHV","23l","12-14","M",1.61,"CHN",NA,"M",NA,0.8,FALSE,12,14
"4","23","IHV","23m","14-16","M",1.57,"CHN",NA,"M",NA,0.2,FALSE,14,16
"4","23","IHV","23n","16-18","M",1.63,"CHN",NA,"M",NA,0.3,FALSE,16,18
"4","23","IHV","23o","18-20","M",1.61,"CHN",NA,"M",NA,0.7,FALSE,18,20
"4","23","IHV","23p","20-25","M",1.62,"CHN",NA,"M",NA,0.4,FALSE,20,25
"4","23","IHV","23q","25-30","M",1.6,"CHN",NA,"M",NA,0.3,FALSE,25,30
"4","23","IHV","23r","30-35","M",1.6,"CHN",NA,"M",NA,0.2,FALSE,30,35
"4","23","IHV","23s","35-40","M",1.59,"CHN",NA,"M",NA,0.1,FALSE,35,40
"4","23","IHV","23t","40-45","M",1.59,"CHN",NA,"M",NA,0.3,FALSE,40,45
"4","23","IHV","23u","45-50","M",1.63,"CHN",NA,"M",NA,0.2,FALSE,45,50
"4","24","IRV","24a","0-1","M",1.56,"CHN",NA,"M",NA,0.3,FALSE,0,1
"4","24","IRV","24b","1-2","M",1.54,"CHN",NA,"M",NA,0.3,FALSE,1,2
"4","24","IRV","24c","2-3","M",1.56,"CHN",NA,"M",NA,0.4,FALSE,2,3
"4","24","IRV","24d","3-4","M",1.54,"CHN",NA,"M",NA,0.3,FALSE,3,4
"4","24","IRV","24e","4-5","M",1.55,"CHN",NA,"M",NA,0.3,FALSE,4,5
"4","24","IRV","24f","5-6","M",1.54,"CHN",NA,"M",NA,0.3,FALSE,5,6
"4","24","IRV","24g","6-7","M",1.57,"CHN",NA,"M",NA,0.4,FALSE,6,7
"4","24","IRV","24h","7-8","M",1.53,"CHN",NA,"M",NA,0.5,FALSE,7,8
"4","24","IRV","24i","8-9","M",1.57,"CHN",NA,"M",NA,0.4,FALSE,8,9
"4","24","IRV","24j","9-10","M",1.49,"CHN",NA,"M",NA,0.4,FALSE,9,10
"4","24","IRV","24k","10-12","M",1.6,"CHN",NA,"M",NA,0.4,FALSE,10,12
"4","24","IRV","24l","12-14","M",1.54,"CHN",NA,"M",NA,0.3,FALSE,12,14
"4","24","IRV","24m","14-16","M",1.57,"CHN",NA,"M",NA,0.3,FALSE,14,16
"4","24","IRV","24n","16-18","M",1.54,"CHN",NA,"M",NA,0.3,FALSE,16,18
"4","24","IRV","24o","18-20","M",1.57,"CHN",NA,"M",NA,0.8,FALSE,18,20
"4","24","IRV","24p","20-25","M",1.53,"CHN",NA,"M",NA,0.3,FALSE,20,25
"4","24","IRV","24q","25-30","M",1.53,"CHN",NA,"M",NA,0.4,FALSE,25,30
"4","24","IRV","24r","30-35","M",1.58,"CHN",NA,"M",NA,0.4,FALSE,30,35
"4","24","IRV","24s","35-40","M",1.66,"CHN",NA,"M",NA,0.6,FALSE,35,40
"4","24","IRV","24t","40-45","M",1.56,"CHN",NA,"M",NA,0.9,FALSE,40,45
"4","24","IRV","24u","45-50","M",1.6,"CHN",NA,"M",NA,1,FALSE,45,50
"4","25","IRV2","25a","0-1","M",1.65,"CHN",NA,"M",NA,0.5,FALSE,0,1
"4","25","IRV2","25b","1-2","M",1.62,"CHN",NA,"M",NA,0.3,FALSE,1,2
"4","25","IRV2","25c","2-3","M",1.73,"CHN",NA,"M",NA,0.2,FALSE,2,3
"4","25","IRV2","25d","3-4","M",1.73,"CHN",NA,"M",NA,0.2,FALSE,3,4
"4","25","IRV2","25e","4-5","M",1.73,"CHN",NA,"M",NA,0.3,FALSE,4,5
"4","25","IRV2","25f","5-6","M",1.74,"CHN",NA,"M",NA,0.3,FALSE,5,6
"4","25","IRV2","25g","6-7","M",1.74,"CHN",NA,"M",NA,0.3,FALSE,6,7
"4","25","IRV2","25h","7-8","M",1.81,"CHN",NA,"M",NA,0.2,FALSE,7,8
"4","25","IRV2","25i","8-9","M",1.75,"CHN",NA,"M",NA,0.2,FALSE,8,9
"4","25","IRV2","25j","9-10","M",1.71,"CHN",NA,"M",NA,0.1,FALSE,9,10
"4","25","IRV2","25k","10-12","M",1.67,"CHN",NA,"M",NA,0.4,FALSE,10,12
"4","25","IRV2","25l","12-14","M",1.69,"CHN",NA,"M",NA,0.3,FALSE,12,14
"4","25","IRV2","25m","14-16","M",1.64,"CHN",NA,"M",NA,0.1,FALSE,14,16
"4","25","IRV2","25n","16-18","M",1.68,"CHN",NA,"M",NA,0.1,FALSE,16,18
"4","25","IRV2","25o","18-20","M",1.66,"CHN",NA,"M",NA,0.1,FALSE,18,20
"4","25","IRV2","25p","20-25","M",1.54,"CHN",NA,"M",NA,0.3,FALSE,20,25
"4","25","IRV2","25q","25-30","M",1.53,"CHN",NA,"M",NA,0.3,FALSE,25,30
"4","25","IRV2","25r","30-35","M",1.48,"CHN",NA,"M",NA,0.3,FALSE,30,35
"4","25","IRV2","25s","35-40","M",1.6,"CHN",NA,"M",NA,0.3,FALSE,35,40
"4","25","IRV2","25t","40-45","M",1.6,"CHN",NA,"M",NA,0.3,FALSE,40,45
"4","25","IRV2","25u","45-50","M",1.65,"CHN",NA,"M",NA,0.3,FALSE,45,50
"4","27","SBV","27a","0-1","M",1.63,"CHN",NA,"M",NA,0.4,FALSE,0,1
"4","27","SBV","27b","1-2","M",1.64,"CHN",NA,"M",NA,0.3,FALSE,1,2
"4","27","SBV","27c","2-3","M",1.61,"CHN",NA,"M",NA,0.3,FALSE,2,3
"4","27","SBV","27d","3-4","M",1.63,"CHN",NA,"M",NA,0.3,FALSE,3,4
"4","27","SBV","27e","4-5","M",1.62,"CHN",NA,"M",NA,0.4,FALSE,4,5
"4","27","SBV","27f","5-6","M",1.64,"CHN",NA,"M",NA,0.7,FALSE,5,6
"4","27","SBV","27g","6-7","M",1.66,"CHN",NA,"M",NA,0.4,FALSE,6,7
"4","27","SBV","27h","7-8","M",1.68,"CHN",NA,"M",NA,0.4,FALSE,7,8
"4","27","SBV","27i","8-9","M",1.68,"CHN",NA,"M",NA,0.4,FALSE,8,9
"4","27","SBV","27j","9-10","M",1.64,"CHN",NA,"M",NA,0.4,FALSE,9,10
"4","27","SBV","27k","10-12","M",1.66,"CHN",NA,"M",NA,0.4,FALSE,10,12
"4","27","SBV","27l","12-14","M",1.69,"CHN",NA,"M",NA,0.4,FALSE,12,14
"4","27","SBV","27m","14-16","M",1.66,"CHN",NA,"M",NA,0.4,FALSE,14,16
"4","27","SBV","27n","16-18","M",1.66,"CHN",NA,"M",NA,0.4,FALSE,16,18
"4","27","SBV","27o","18-20","M",1.68,"CHN",NA,"M",NA,0.4,FALSE,18,20
"4","27","SBV","27p","20-25","M",1.7,"CHN",NA,"M",NA,0.4,FALSE,20,25
"4","27","SBV","27q","25-30","M",1.65,"CHN",NA,"M",NA,0.6,FALSE,25,30
"4","27","SBV","27r","30-35","M",1.63,"CHN",NA,"M",NA,1.5,FALSE,30,35
"4","27","SBV","27s","35-40","M",1.65,"CHN",NA,"M",NA,1,FALSE,35,40
"4","27","SBV","27t","40-45","M",1.54,"CHN",NA,"M",NA,0.3,FALSE,40,45
"4","27","SBV","27u","45-50","E",1.54,NA,NA,"E",NA,0.3,FALSE,45,50
"4","28","SCV","28a","0-1","M",1.68,"CHN",NA,"M",NA,0.4,FALSE,0,1
"4","28","SCV","28b","1-2","M",1.68,"CHN",NA,"M",NA,0.4,FALSE,1,2
"4","28","SCV","28c","2-3","M",1.67,"CHN",NA,"M",NA,0.4,FALSE,2,3
"4","28","SCV","28d","3-4","M",1.7,"CHN",NA,"M",NA,0.4,FALSE,3,4
"4","28","SCV","28e","4-5","M",1.69,"CHN",NA,"M",NA,0.5,FALSE,4,5
"4","28","SCV","28f","5-6","M",1.71,"CHN",NA,"M",NA,0.3,FALSE,5,6
"4","28","SCV","28g","6-7","M",1.7,"CHN",NA,"M",NA,0.3,FALSE,6,7
"4","28","SCV","28h","7-8","M",1.73,"CHN",NA,"M",NA,0.4,FALSE,7,8
"4","28","SCV","28i","8-9","M",1.66,"CHN",NA,"M",NA,0.4,FALSE,8,9
"4","28","SCV","28j","9-10","M",1.72,"CHN",NA,"M",NA,0.5,FALSE,9,10
"4","28","SCV","28k","10-12","M",1.7,"CHN",NA,"M",NA,0.5,FALSE,10,12
"4","28","SCV","28l","12-14","M",1.7,"CHN",NA,"M",NA,0.4,FALSE,12,14
"4","28","SCV","28m","14-16","M",1.72,"CHN",NA,"M",NA,0.4,FALSE,14,16
"4","28","SCV","28n","16-18","M",1.69,"CHN",NA,"M",NA,0.5,FALSE,16,18
"4","28","SCV","28o","18-20","M",1.75,"CHN",NA,"M",NA,0.5,FALSE,18,20
"4","28","SCV","28p","20-25","M",1.72,"CHN",NA,"M",NA,0.5,FALSE,20,25
"4","28","SCV","28q","25-30","M",1.69,"CHN",NA,"M",NA,0.3,FALSE,25,30
"4","28","SCV","28r","30-35","M",1.63,"CHN",NA,"M",NA,0.2,FALSE,30,35
"4","28","SCV","28s","35-40","M",1.68,"CHN",NA,"M",NA,0.2,FALSE,35,40
"4","28","SCV","28t","40-45","M",1.63,"CHN",NA,"M",NA,0.1,FALSE,40,45
"4","28","SCV","28u","45-50","M",1.61,"CHN",NA,"M",NA,0.1,FALSE,45,50
"4","29","SDV","29a","0-1","M",1.54,"CHN",NA,"M",NA,1,FALSE,0,1
"4","29","SDV","29b","1-2","M",1.48,"CHN",NA,"M",NA,0.9,FALSE,1,2
"4","29","SDV","29c","2-3","M",1.48,"CHN",NA,"M",NA,0.8,FALSE,2,3
"4","29","SDV","29d","3-4","M",1.55,"CHN",NA,"M",NA,0.7,FALSE,3,4
"4","29","SDV","29e","4-5","M",1.64,"CHN",NA,"M",NA,0.6,FALSE,4,5
"4","29","SDV","29f","5-6","M",1.59,"CHN",NA,"M",NA,0.6,FALSE,5,6
"4","29","SDV","29g","6-7","M",1.62,"CHN",NA,"M",NA,0.8,FALSE,6,7
"4","29","SDV","29h","7-8","M",1.67,"CHN",NA,"M",NA,0.8,FALSE,7,8
"4","29","SDV","29i","8-9","M",1.67,"CHN",NA,"M",NA,0.8,FALSE,8,9
"4","29","SDV","29j","9-10","M",1.7,"CHN",NA,"M",NA,0.9,FALSE,9,10
"4","29","SDV","29k","10-12","M",1.79,"CHN",NA,"M",NA,0.9,FALSE,10,12
"4","29","SDV","29l","12-14","M",1.81,"CHN",NA,"M",NA,0.9,FALSE,12,14
"4","29","SDV","29m","14-16","M",1.84,"CHN",NA,"M",NA,1.1,FALSE,14,16
"4","29","SDV","29n","16-18","M",1.69,"CHN",NA,"M",NA,1.4,FALSE,16,18
"4","29","SDV","29o","18-20","M",1.78,"CHN",NA,"M",NA,1.3,FALSE,18,20
"4","29","SDV","29p","20-25","M",1.82,"CHN",NA,"M",NA,1,FALSE,20,25
"4","29","SDV","29q","25-30","M",1.72,"CHN",NA,"M",NA,1.8,FALSE,25,30
"4","29","SDV","29r","30-35","M",1.66,"CHN",NA,"M",NA,1,FALSE,30,35
"4","29","SDV","29s","35-40","M",1.69,"CHN",NA,"M",NA,0.9,FALSE,35,40
"4","29","SDV","29t","40-45","M",1.76,"CHN",NA,"M",NA,0.8,FALSE,40,45
"4","29","SDV","29u","45-50","M",1.57,"CHN",NA,"M",NA,0.9,FALSE,45,50
"11","34","5B","34a","0-2","M",1.17,"CHN&LOI","M","M",1.9,0.5,FALSE,0,2
"11","34","5B","34b","2-4","M",1.25,"CHN&LOI","M","M",1.7,0.5,FALSE,2,4
"11","34","5B","34c","4-6","M",1.35,"CHN&LOI","M","M",1.5,0.4,FALSE,4,6
"11","34","5B","34d","6-8","M",1.41,"CHN&LOI","M","M",1.4,0.3,FALSE,6,8
"11","34","5B","34e","8-10","M",1.42,"CHN&LOI","M","M",1.3,0.2,FALSE,8,10
"11","34","5B","34f","10-12","M",1.56,"LOI","M",NA,1.2,NA,FALSE,10,12
"11","34","5B","34g","12-14","M",1.58,"LOI","M",NA,1.2,NA,FALSE,12,14
"11","34","5B","34h","14-16","M",1.66,"LOI","M",NA,1.2,NA,FALSE,14,16
"11","34","5B","34i","16-18","M",1.53,"LOI","M",NA,1.3,NA,FALSE,16,18
"11","34","5B","34j","18-20","M",1.56,"LOI","M",NA,1.3,NA,FALSE,18,20
"11","34","5B","34k","20-22","M",1.57,"LOI","M",NA,1.3,NA,FALSE,20,22
"11","34","5B","34l","22-24","M",1.54,"LOI","M",NA,1.3,NA,FALSE,22,24
"11","34","5B","34m","24-26","M",1.59,"LOI","M",NA,1.2,NA,FALSE,24,26
"11","34","5B","34n","26-28","M",1.52,"LOI","M",NA,1.2,NA,FALSE,26,28
"11","34","5B","34o","28-30","M",1.5,"LOI","M",NA,1.2,NA,FALSE,28,30
"11","34","5B","34p","30-32","M",1.58,"LOI","M",NA,1.3,NA,FALSE,30,32
"11","34","5B","34q","32-34","M",1.5,"LOI","M",NA,1.4,NA,FALSE,32,34
"11","34","5B","34r","34-36","M",1.19,"LOI","M",NA,1.4,NA,FALSE,34,36
"11","34","5B","34s","36-50","E",1.19,NA,"E",NA,1.4,NA,FALSE,36,50
"11","35","5F","35a","0-2","M",1.23,"CHN&LOI","M","M",1.8,0.5,FALSE,0,2
"11","35","5F","35b","2-4","M",1.24,"CHN&LOI","M","M",1.5,0.4,FALSE,2,4
"11","35","5F","35c","4-6","M",1.39,"CHN&LOI","M","M",1.4,0.3,FALSE,4,6
"11","35","5F","35d","6-8","M",1.39,"CHN&LOI","M","M",1.2,0.2,FALSE,6,8
"11","35","5F","35e","8-10","M",1.38,"CHN&LOI","M","M",1.2,0.5,FALSE,8,10
"11","35","5F","35f","10-12","M",1.43,"LOI","M",NA,1.2,NA,FALSE,10,12
"11","35","5F","35g","12-14","M",1.4,"CHN&LOI","M","M",1.3,0.2,FALSE,12,14
"11","35","5F","35h","14-16","M",1.5,"CHN&LOI","M","M",1.1,0.2,FALSE,14,16
"11","35","5F","35i","16-18","M",1.53,"LOI","M",NA,1,NA,FALSE,16,18
"11","35","5F","35j","18-20","M",1.49,"LOI","M",NA,1.2,NA,FALSE,18,20
"11","35","5F","35k","20-22","M",1.52,"LOI","M",NA,1.1,NA,FALSE,20,22
"11","35","5F","35l","22-24","M",1.52,"LOI","M",NA,1.1,NA,FALSE,22,24
"11","35","5F","35m","24-26","M",1.34,"LOI","M",NA,1.3,NA,FALSE,24,26
"11","35","5F","35n","26-28","M",1.47,"LOI","M",NA,1.2,NA,FALSE,26,28
"11","35","5F","35o","28-30","M",1.42,"LOI","M",NA,1.4,NA,FALSE,28,30
"11","35","5F","35p","30-32","M",1.45,"LOI","M",NA,1.3,NA,FALSE,30,32
"11","35","5F","35q","32-34","M",1.31,"LOI","M",NA,1.5,NA,FALSE,32,34
"11","35","5F","35r","34-36","M",0.98,"LOI","M",NA,1.3,NA,FALSE,34,36
"11","35","5F","35s","36-38","M",1.25,"LOI","M",NA,1.2,NA,FALSE,36,38
"11","35","5F","35t","38-50","E",1.25,NA,"E",NA,1.2,NA,FALSE,38,50
"11","36","5J","36a","0-2","M",1.46,"CHN&LOI","M","M",1.7,0.4,FALSE,0,2
"11","36","5J","36b","2-4","M",1.4,"CHN&LOI","M","M",1.5,0.3,FALSE,2,4
"11","36","5J","36c","4-6","M",1.46,"CHN&LOI","M","M",1.4,0.3,FALSE,4,6
"11","36","5J","36d","6-8","M",1.48,"CHN&LOI","M","M",1.3,0.3,FALSE,6,8
"11","36","5J","36e","8-10","M",1.48,"CHN&LOI","M","M",1.3,0.3,FALSE,8,10
"11","36","5J","36f","10-12","M",1.52,"CHN&LOI","M","M",1.2,0.2,FALSE,10,12
"11","36","5J","36g","12-14","M",1.5,"CHN&LOI","M","M",1.1,0.2,FALSE,12,14
"11","36","5J","36h","14-16","M",1.58,"CHN&LOI","M","M",1.1,0.2,FALSE,14,16
"11","36","5J","36i","16-18","M",1.53,"CHN&LOI","M","M",1.4,0.2,FALSE,16,18
"11","36","5J","36j","18-20","M",1.48,"CHN&LOI","M","M",1.3,0.3,FALSE,18,20
"11","36","5J","36k","20-22","M",1.4,"LOI","M",NA,1.3,NA,FALSE,20,22
"11","36","5J","36l","22-24","M",1.5,"LOI","M",NA,1.1,NA,FALSE,22,24
"11","36","5J","36m","24-26","M",1.45,"LOI","M",NA,1.2,NA,FALSE,24,26
"11","36","5J","36n","26-28","M",1.53,"LOI","M",NA,1.2,NA,FALSE,26,28
"11","36","5J","36o","28-30","M",1.51,"LOI","M",NA,1.4,NA,FALSE,28,30
"11","36","5J","36p","30-32","M",1.52,"LOI","M",NA,1.3,NA,FALSE,30,32
"11","36","5J","36q","32-34","M",1.52,"LOI","M",NA,1.3,NA,FALSE,32,34
"11","36","5J","36r","34-36","M",1.49,"LOI","M",NA,1.2,NA,FALSE,34,36
"11","36","5J","36s","36-38","M",1.43,"LOI","M",NA,1.2,NA,FALSE,36,38
"11","36","5J","36t","38-40","M",1.44,"LOI","M",NA,1.3,NA,FALSE,38,40
"11","36","5J","36u","40-42","M",1.34,"LOI","M",NA,1.2,NA,FALSE,40,42
"11","36","5J","36v","42-50","E",1.34,NA,"E",NA,1.2,NA,FALSE,42,50
"7","88","WA-1","88a","0-5","M",0.95,"LOI","M",NA,3.9,NA,FALSE,0,5
"7","88","WA-1","88b","5-10","M",1.11,"LOI","M",NA,5.3,NA,FALSE,5,10
"7","88","WA-1","88c","10-15","M",0.8,"LOI","M",NA,5.6,NA,FALSE,10,15
"7","88","WA-1","88d","15-20","M",0.92,"LOI","M",NA,4.2,NA,FALSE,15,20
"7","88","WA-1","88e","20-25","M",0.87,"LOI","M",NA,4.3,NA,FALSE,20,25
"7","88","WA-1","88f","25-30","E",0.87,NA,"E",NA,4.3,NA,FALSE,25,30
"7","89","WA-2","89a","0-5","M",0.88,"LOI","M",NA,4.5,NA,FALSE,0,5
"7","89","WA-2","89b","5-10","M",0.87,"LOI","M",NA,4.8,NA,FALSE,5,10
"7","89","WA-2","89c","10-15","M",0.78,"LOI","M",NA,5.3,NA,FALSE,10,15
"7","89","WA-2","89d","15-20","M",1.04,"LOI","M",NA,4.3,NA,FALSE,15,20
"7","89","WA-2","89e","20-25","M",0.97,"LOI","M",NA,4.1,NA,FALSE,20,25
"7","89","WA-2","89f","25-30","E",0.97,NA,"E",NA,4.1,NA,FALSE,25,30
"7","90","WA-3","90a","0-5","M",0.72,"LOI","M",NA,5.8,NA,FALSE,0,5
"7","90","WA-3","90b","5-10","M",0.77,"LOI","M",NA,5.7,NA,FALSE,5,10
"7","90","WA-3","90c","10-15","M",0.8,"LOI","M",NA,5.5,NA,FALSE,10,15
"7","90","WA-3","90d","15-20","M",1,"LOI","M",NA,4.5,NA,FALSE,15,20
"7","90","WA-3","90e","20-30","E",1,NA,"E",NA,4.5,NA,FALSE,20,30
"1","91","COO-BAR-SG1","91a","abt 5-10","M",1.39,"CHN",NA,"M",NA,0.4,TRUE,5,10
"1","91","COO-BAR-SG1","91b","abt 20-25","M",1.49,"CHN",NA,"M",NA,0.2,TRUE,20,25
"1","91","COO-BAR-SG1","91c","abt 38-43","M",1.44,"CHN",NA,"M",NA,0.6,TRUE,38,43
"1","91","COO-BAR-SG1","91d","abt 73-78","M",1.35,"CHN",NA,"M",NA,0.9,TRUE,73,78
"1","92","COO-BAR-SG2","92a","abt 5-10","M",1.33,"CHN",NA,"M",NA,0.6,TRUE,5,10
"1","92","COO-BAR-SG2","92b","abt 20-25","M",1.59,"CHN",NA,"M",NA,0.3,TRUE,20,25
"1","92","COO-BAR-SG2","92c","abt 38-43","M",1.34,"CHN",NA,"M",NA,0.7,TRUE,38,43
"1","92","COO-BAR-SG2","92d","abt 73-78","M",1.49,"CHN",NA,"M",NA,0.4,TRUE,73,78
"1","93","COO-BAR-SG3","93a","abt 5-10","M",1.12,"CHN",NA,"M",NA,1.2,TRUE,5,10
"1","93","COO-BAR-SG3","93b","abt 20-25","M",1.37,"CHN",NA,"M",NA,0.8,TRUE,20,25
"1","93","COO-BAR-SG3","93c","abt 38-43","M",1.34,"CHN",NA,"M",NA,0.9,TRUE,38,43
"1","93","COO-BAR-SG3","93d","abt 73-78","M",1.45,"CHN",NA,"M",NA,0.7,TRUE,73,78
"1","94","COO-BAR-SG4","94a","abt 5-10","M",1.36,"CHN",NA,"M",NA,0.7,TRUE,5,10
"1","94","COO-BAR-SG4","94b","abt 20-25","M",1.32,"CHN",NA,"M",NA,0.8,TRUE,20,25
"1","94","COO-BAR-SG4","94c","abt 38-43","M",1.37,"CHN",NA,"M",NA,0.8,TRUE,38,43
"1","94","COO-BAR-SG4","94d","abt 73-78","M",1.41,"CHN",NA,"M",NA,0.6,TRUE,73,78
"1","95","COO-BAR-SG5","95a","abt 5-10","M",1.32,"CHN",NA,"M",NA,0.6,TRUE,5,10
"1","95","COO-BAR-SG5","95b","abt 20-25","M",1.24,"CHN",NA,"M",NA,0.8,TRUE,20,25
"1","95","COO-BAR-SG5","95c","abt 38-43","M",1.17,"CHN",NA,"M",NA,1.5,TRUE,38,43
"1","95","COO-BAR-SG5","95d","abt 73-78","M",1.29,"CHN",NA,"M",NA,1.1,TRUE,73,78
"1","96","COO-BAR-SG6","96a","abt 5-10","M",1.55,"CHN",NA,"M",NA,0.5,TRUE,5,10
"1","96","COO-BAR-SG6","96b","abt 20-25","M",1.42,"CHN",NA,"M",NA,0.5,TRUE,20,25
"1","96","COO-BAR-SG6","96c","abt 38-43","M",1.18,"CHN",NA,"M",NA,1.6,TRUE,38,43
"1","96","COO-BAR-SG6","96d","abt 73-78","M",1.47,"CHN",NA,"M",NA,0.3,TRUE,73,78
"1","97","YAQ-SAL-SG1","97a","abt 5-10","M",1.13,"CHN",NA,"M",NA,1.3,TRUE,5,10
"1","97","YAQ-SAL-SG1","97b","abt 20-25","M",1.02,"CHN",NA,"M",NA,0.9,TRUE,20,25
"1","97","YAQ-SAL-SG1","97c","abt 38-43","M",1.12,"CHN",NA,"M",NA,1.2,TRUE,38,43
"1","97","YAQ-SAL-SG1","97d","abt 73-78","M",1.05,"CHN",NA,"M",NA,1.3,TRUE,73,78
"1","98","YAQ-SAL-SG2","98a","abt 5-10","M",1.17,"CHN",NA,"M",NA,1,TRUE,5,10
"1","98","YAQ-SAL-SG2","98b","abt 20-25","M",1.28,"CHN",NA,"M",NA,0.9,TRUE,20,25
"1","98","YAQ-SAL-SG2","98c","abt 38-43","M",1.14,"CHN",NA,"M",NA,1,TRUE,38,43
"1","98","YAQ-SAL-SG2","98d","abt 73-78","M",1.17,"CHN",NA,"M",NA,0.8,TRUE,73,78
"1","99","YAQ-SAL-SG3","99a","abt 5-10","M",1.16,"CHN",NA,"M",NA,1,TRUE,5,10
"1","99","YAQ-SAL-SG3","99b","abt 20-25","M",1.18,"CHN",NA,"M",NA,0.7,TRUE,20,25
"1","99","YAQ-SAL-SG3","99c","abt 38-43","M",1.32,"CHN",NA,"M",NA,0.9,TRUE,38,43
"1","99","YAQ-SAL-SG3","99d","abt 73-78","M",1.26,"CHN",NA,"M",NA,0.8,TRUE,73,78
"1","100","YAQ-SAL-SG4","100a","abt 5-10","M",1.12,"CHN",NA,"M",NA,0.9,TRUE,5,10
"1","100","YAQ-SAL-SG4","100b","abt 20-25","M",1.11,"CHN",NA,"M",NA,0.9,TRUE,20,25
"1","100","YAQ-SAL-SG4","100c","abt 38-43","M",1.21,"CHN",NA,"M",NA,0.8,TRUE,38,43
"1","100","YAQ-SAL-SG4","100d","abt 73-78","M",1.25,"CHN",NA,"M",NA,0.9,TRUE,73,78
"1","101","YAQ-SAL-SG5","101a","abt 5-10","M",1.24,"CHN",NA,"M",NA,1,TRUE,5,10
"1","101","YAQ-SAL-SG5","101b","abt 20-25","M",1.42,"CHN",NA,"M",NA,0.6,TRUE,20,25
"1","101","YAQ-SAL-SG5","101c","abt 38-43","M",1.21,"CHN",NA,"M",NA,0.9,TRUE,38,43
"1","101","YAQ-SAL-SG5","101d","abt 73-78","M",1.16,"CHN",NA,"M",NA,0.9,TRUE,73,78
"1","102","YAQ-SAL-SG6","102a","abt 5-10","M",1.23,"CHN",NA,"M",NA,1,TRUE,5,10
"1","102","YAQ-SAL-SG6","102b","abt 20-25","M",1.18,"CHN",NA,"M",NA,0.9,TRUE,20,25
"1","102","YAQ-SAL-SG6","102c","abt 38-43","M",1.26,"CHN",NA,"M",NA,0.9,TRUE,38,43
"1","102","YAQ-SAL-SG6","102d","abt 73-78","M",1.15,"CHN",NA,"M",NA,1,TRUE,73,78
"1","157","PAD-LOW-SG1","157a","abt 5-10","M",1.27,"CHN",NA,"M",NA,0.3,TRUE,5,10
"1","157","PAD-LOW-SG1","157b","abt 20-25","M",1.55,"CHN",NA,"M",NA,0.2,TRUE,20,25
"1","157","PAD-LOW-SG1","157c","abt 38-43","M",1.43,"CHN",NA,"M",NA,0.4,TRUE,38,43
"1","157","PAD-LOW-SG1","157d","abt 73-78","M",1.48,"CHN",NA,"M",NA,0.2,TRUE,73,78
"1","158","PAD-LOW-SG2","158a","abt 5-10","M",1.38,"CHN",NA,"M",NA,0.4,TRUE,5,10
"1","158","PAD-LOW-SG2","158b","abt 20-25","M",1.55,"CHN",NA,"M",NA,0.3,TRUE,20,25
"1","158","PAD-LOW-SG2","158c","abt 38-43","M",1.43,"CHN",NA,"M",NA,0.3,TRUE,38,43
"1","158","PAD-LOW-SG2","158d","abt 73-78","M",1.41,"CHN",NA,"M",NA,0.4,TRUE,73,78
"1","159","PAD-LOW-SG3","159a","abt 5-10","M",1.23,"CHN",NA,"M",NA,0.3,TRUE,5,10
"1","159","PAD-LOW-SG3","159b","abt 20-25","M",1.51,"CHN",NA,"M",NA,0.3,TRUE,20,25
"1","159","PAD-LOW-SG3","159c","abt 38-43","M",1.4,"CHN",NA,"M",NA,0.2,TRUE,38,43
"1","159","PAD-LOW-SG3","159d","abt 70-75","M",1.45,"CHN",NA,"M",NA,0.3,TRUE,70,75
"1","160","PAD-LOW-SG4","160a","abt 5-10","M",1.31,"CHN",NA,"M",NA,0.3,TRUE,5,10
"1","160","PAD-LOW-SG4","160b","abt 20-25","M",1.44,"CHN",NA,"M",NA,0.2,TRUE,20,25
"1","160","PAD-LOW-SG4","160c","abt 38-43","M",1.45,"CHN",NA,"M",NA,0.2,TRUE,38,43
"1","160","PAD-LOW-SG4","160d","abt 73-78","M",1.46,"CHN",NA,"M",NA,0.3,TRUE,73,78
"1","161","PAD-LOW-SG5","161a","abt 5-10","M",1.31,"CHN",NA,"M",NA,0.2,TRUE,5,10
"1","161","PAD-LOW-SG5","161b","abt 20-25","M",1.55,"CHN",NA,"M",NA,0.3,TRUE,20,25
"1","161","PAD-LOW-SG5","161c","abt 38-43","M",1.46,"CHN",NA,"M",NA,0.3,TRUE,38,43
"1","161","PAD-LOW-SG5","161d","abt 73-78","M",1.47,"CHN",NA,"M",NA,0.2,TRUE,73,78
"1","162","PAD-LOW-SG6","162a","abt 5-10","M",1.28,"CHN",NA,"M",NA,0.5,TRUE,5,10
"1","162","PAD-LOW-SG6","162b","abt 20-25","M",1.51,"CHN",NA,"M",NA,0.2,TRUE,20,25
"1","162","PAD-LOW-SG6","162c","abt 38-43","M",1.46,"CHN",NA,"M",NA,0.2,TRUE,38,43
"1","162","PAD-LOW-SG6","162d","abt 73-78","M",1.57,"CHN",NA,"M",NA,0.2,TRUE,73,78
"1","163","COO-VAL-SG1","163a","abt 5-10","M",1.32,"CHN",NA,"M",NA,1.1,TRUE,5,10
"1","163","COO-VAL-SG1","163b","abt 20-25","M",1.96,"CHN",NA,"M",NA,1.3,TRUE,20,25
"1","163","COO-VAL-SG1","163c","abt 38-43","M",1.2,"CHN",NA,"M",NA,1.2,TRUE,38,43
"1","163","COO-VAL-SG1","163d","abt 73-78","M",1.41,"CHN",NA,"M",NA,0.7,TRUE,73,78
"1","164","COO-VAL-SG2","164a","abt 5-10","M",1.29,"CHN",NA,"M",NA,1,TRUE,5,10
"1","164","COO-VAL-SG2","164b","abt 20-25","M",1.63,"CHN",NA,"M",NA,0.2,TRUE,20,25
"1","164","COO-VAL-SG2","164c","abt 38-43","M",1.57,"CHN",NA,"M",NA,0.3,TRUE,38,43
"1","164","COO-VAL-SG2","164d","abt 73-78","M",1.38,"CHN",NA,"M",NA,1.1,TRUE,73,78
"1","165","COO-VAL-SG3","165a","abt 5-10","M",1.24,"CHN",NA,"M",NA,0.5,TRUE,5,10
"1","165","COO-VAL-SG3","165b","abt 20-25","M",1.14,"CHN",NA,"M",NA,0.6,TRUE,20,25
"1","165","COO-VAL-SG3","165c","abt 38-43","M",1.37,"CHN",NA,"M",NA,0.6,TRUE,38,43
"1","165","COO-VAL-SG3","165d","abt 73-78","M",1.47,"CHN",NA,"M",NA,0.7,TRUE,73,78
"1","166","COO-VAL-SG4","166a","abt 5-10","M",1.42,"CHN",NA,"M",NA,0.5,TRUE,5,10
"1","166","COO-VAL-SG4","166b","abt 20-25","M",1.46,"CHN",NA,"M",NA,0.6,TRUE,20,25
"1","166","COO-VAL-SG4","166c","abt 38-43","M",1.4,"CHN",NA,"M",NA,0.5,TRUE,38,43
"1","166","COO-VAL-SG4","166d","abt 73-78","M",1.47,"CHN",NA,"M",NA,0.4,TRUE,73,78
"1","167","COO-VAL-SG5","167a","abt 5-10","M",1.18,"CHN",NA,"M",NA,1,TRUE,5,10
"1","167","COO-VAL-SG5","167b","abt 20-25","M",1.24,"CHN",NA,"M",NA,1,TRUE,20,25
"1","167","COO-VAL-SG5","167c","abt 38-43","M",1.44,"CHN",NA,"M",NA,0.6,TRUE,38,43
"1","167","COO-VAL-SG5","167d","abt 73-78","M",1.41,"CHN",NA,"M",NA,0.8,TRUE,73,78
"1","168","COO-VAL-SG6","168a","abt 5-10","M",1.71,"CHN",NA,"M",NA,0.5,TRUE,5,10
"1","168","COO-VAL-SG6","168b","abt 20-25","M",1.35,"CHN",NA,"M",NA,0.9,TRUE,20,25
"1","168","COO-VAL-SG6","168c","abt 38-43","M",1.33,"CHN",NA,"M",NA,0.7,TRUE,38,43
"1","168","COO-VAL-SG6","168d","abt 73-78","M",1.29,"CHN",NA,"M",NA,0.7,TRUE,73,78
"1","235","HUM-HUM-SG1","235a","abt 5-10","M",0.88,"CHN",NA,"M",NA,1.1,TRUE,5,10
"1","235","HUM-HUM-SG1","235b","abt 20-25","M",1.09,"CHN",NA,"M",NA,0.7,TRUE,20,25
"1","235","HUM-HUM-SG1","235c","abt 38-43","M",1.04,"CHN",NA,"M",NA,0.7,TRUE,38,43
"1","235","HUM-HUM-SG1","235d","abt 73-78","M",1.14,"CHN",NA,"M",NA,0.8,TRUE,73,78
"1","236","HUM-HUM-SG2","236a","abt 5-10","M",1.07,"CHN",NA,"M",NA,1.1,TRUE,5,10
"1","236","HUM-HUM-SG2","236b","abt 20-25","M",0.97,"CHN",NA,"M",NA,0.8,TRUE,20,25
"1","236","HUM-HUM-SG2","236c","abt 38-43","M",1.07,"CHN",NA,"M",NA,0.6,TRUE,38,43
"1","236","HUM-HUM-SG2","236d","abt 73-78","M",1.17,"CHN",NA,"M",NA,0.3,TRUE,73,78
"1","237","HUM-HUM-SG3","237a","abt 5-10","M",1.07,"CHN",NA,"M",NA,0.8,TRUE,5,10
"1","237","HUM-HUM-SG3","237b","abt 20-25","M",0.9,"CHN",NA,"M",NA,0.9,TRUE,20,25
"1","237","HUM-HUM-SG3","237c","abt 38-43","M",0.99,"CHN",NA,"M",NA,0.8,TRUE,38,43
"1","237","HUM-HUM-SG3","237d","abt 73-78","M",1.28,"CHN",NA,"M",NA,1.1,TRUE,73,78
"1","238","HUM-HUM-SG4","238a","abt 5-10","M",1,"CHN",NA,"M",NA,0.8,TRUE,5,10
"1","238","HUM-HUM-SG4","238b","abt 20-25","M",0.99,"CHN",NA,"M",NA,0.7,TRUE,20,25
"1","238","HUM-HUM-SG4","238c","abt 38-43","M",0.92,"CHN",NA,"M",NA,0.7,TRUE,38,43
"1","238","HUM-HUM-SG4","238d","abt 73-78","M",1.3,"CHN",NA,"M",NA,1,TRUE,73,78
"1","239","HUM-HUM-SG5","239a","abt 5-10","M",0.83,"CHN",NA,"M",NA,1.1,TRUE,5,10
"1","239","HUM-HUM-SG5","239b","abt 20-25","M",0.88,"CHN",NA,"M",NA,1,TRUE,20,25
"1","239","HUM-HUM-SG5","239c","abt 38-43","M",1.08,"CHN",NA,"M",NA,0.6,TRUE,38,43
"1","239","HUM-HUM-SG5","239d","abt 73-78","M",1.28,"CHN",NA,"M",NA,0.6,TRUE,73,78
"1","240","HUM-HUM-SG6","240a","abt 5-10","M",0.98,"CHN",NA,"M",NA,0.9,TRUE,5,10
"1","240","HUM-HUM-SG6","240b","abt 20-25","M",0.98,"CHN",NA,"M",NA,0.6,TRUE,20,25
"1","240","HUM-HUM-SG6","240c","abt 38-43","M",0.98,"CHN",NA,"M",NA,0.8,TRUE,38,43
"1","240","HUM-HUM-SG6","240d","abt 73-78","M",1.09,"CHN",NA,"M",NA,0.5,TRUE,73,78
"14","448","1","448a","0-2","M",0.68,"LOI","M",NA,1.1,NA,FALSE,0,2
"14","448","1","448b","2-4","M",1.29,"LOI","M",NA,0.6,NA,FALSE,2,4
"14","448","1","448c","4-6","M",1.36,"LOI","M",NA,0.5,NA,FALSE,4,6
"14","448","1","448d","6-8","M",1.29,"LOI","M",NA,0.5,NA,FALSE,6,8
"14","448","1","448e","8-10","M",1.33,"LOI","M",NA,0.5,NA,FALSE,8,10
"14","448","1","448f","10-12","M",1.33,"LOI","M",NA,0.5,NA,FALSE,10,12
"14","448","1","448g","12-14","M",1.31,"LOI","M",NA,0.6,NA,FALSE,12,14
"14","448","1","448h","14-16","M",1.35,"LOI","M",NA,0.7,NA,FALSE,14,16
"14","448","1","448i","16-18","M",1.2,"LOI","M",NA,0.7,NA,FALSE,16,18
"14","448","1","448j","18-20","M",1.16,"LOI","M",NA,0.7,NA,FALSE,18,20
"14","448","1","448k","20-22","M",1.14,"LOI","M",NA,0.9,NA,FALSE,20,22
"14","448","1","448l","22-24","M",1.06,"LOI","M",NA,1.1,NA,FALSE,22,24
"14","448","1","448m","24-26","M",1.12,"LOI","M",NA,0.9,NA,FALSE,24,26
"14","448","1","448n","26-28","M",1.1,"LOI","M",NA,0.8,NA,FALSE,26,28
"14","448","1","448o","28-30","M",1.12,"LOI","M",NA,0.8,NA,FALSE,28,30
"14","448","1","448p","30-32","M",1.2,"LOI","M",NA,0.7,NA,FALSE,30,32
"14","448","1","448q","32-34","M",0.85,"LOI","M",NA,1,NA,FALSE,32,34
"14","448","1","448r","34-36","M",1.26,"LOI","M",NA,0.8,NA,FALSE,34,36
"14","448","1","448s","36-38","M",1.23,"LOI","M",NA,0.8,NA,FALSE,36,38
"14","448","1","448t","38-40","M",1.04,"LOI","M",NA,0.8,NA,FALSE,38,40
"14","448","1","448u","40-42","M",1.29,"LOI","M",NA,0.8,NA,FALSE,40,42
"14","448","1","448v","42-44","M",1.4,"LOI","M",NA,0.8,NA,FALSE,42,44
"14","448","1","448w","44-46","M",1.22,"LOI","M",NA,0.8,NA,FALSE,44,46
"14","448","1","448x","46-50","E",1.22,NA,"E","E",0.8,NA,FALSE,46,50
"16","448","BACHI","448x","44-50","E",0.07,NA,"E",NA,74,NA,FALSE,44,50
"3","571","pb1a","571a","0-2","M",0.86,"LOI","M",NA,4.2,NA,FALSE,0,2
"3","571","pb1a","571b","2-4","M",1.01,"LOI","M",NA,3.1,NA,FALSE,2,4
"3","571","pb1a","571c","4-6","M",1.18,"LOI","M",NA,3,NA,FALSE,4,6
"3","571","pb1a","571d","6-8","M",1.19,"LOI","M",NA,2.8,NA,FALSE,6,8
"3","571","pb1a","571e","8-10","M",1.25,"LOI","M",NA,2.2,NA,FALSE,8,10
"3","571","pb1a","571f","10-12","M",1.31,"LOI","M",NA,2.2,NA,FALSE,10,12
"3","571","pb1a","571g","12-14","M",1.24,"LOI","M",NA,1.9,NA,FALSE,12,14
"3","571","pb1a","571h","14-16","M",1.53,"LOI","M",NA,1.8,NA,FALSE,14,16
"3","571","pb1a","571i","16-18","M",1.46,"LOI","M",NA,1.7,NA,FALSE,16,18
"3","571","pb1a","571j","18-20","M",1.52,"LOI","M",NA,1.8,NA,FALSE,18,20
"3","571","pb1a","571k","20-22","M",1.45,"CHN&LOI","M","M",2.1,0.4,FALSE,20,22
"3","571","pb1a","571l","22-24","M",1.46,"LOI","M",NA,1.6,NA,FALSE,22,24
"3","571","pb1a","571m","24-26","M",1.5,"LOI","M",NA,1.5,NA,FALSE,24,26
"3","571","pb1a","571n","26-28","M",1.39,"LOI","M",NA,1.3,NA,FALSE,26,28
"3","571","pb1a","571o","28-30","M",1.38,"LOI","M",NA,1.4,NA,FALSE,28,30
"3","571","pb1a","571p","30-32","M",1.26,"LOI","M",NA,1.7,NA,FALSE,30,32
"3","571","pb1a","571q","32-34","M",1.45,"LOI","M",NA,2,NA,FALSE,32,34
"3","571","pb1a","571r","34-36","M",1.48,"LOI","M",NA,2.1,NA,FALSE,34,36
"3","571","pb1a","571s","36-38","M",1.32,"LOI","M",NA,2.1,NA,FALSE,36,38
"3","571","pb1a","571t","38-40","M",1.38,"LOI","M",NA,1.4,NA,FALSE,38,40
"3","571","pb1a","571u","40-42","M",1.36,"LOI","M",NA,2.1,NA,FALSE,40,42
"3","571","pb1a","571v","42-44","M",1.13,"LOI","M",NA,2.1,NA,FALSE,42,44
"3","571","pb1a","571w","44-46","M",1.38,"LOI","M",NA,2.1,NA,FALSE,44,46
"3","571","pb1a","571x","46-48","M",1.13,"LOI","M",NA,2.3,NA,FALSE,46,48
"3","571","pb1a","571y","48-50","M",1.2,"LOI","M",NA,2,NA,FALSE,48,50
"3","571","pb1a","571z","50-52","M",1.13,"LOI","M",NA,2.2,NA,FALSE,50,52
"3","571","pb1a","571aa","52-54","M",1.62,"LOI","M",NA,2.4,NA,FALSE,52,54
"3","572","pb1b","572a","0-2","M",0.48,"LOI","M",NA,4.8,NA,FALSE,0,2
"3","572","pb1b","572b","2-4","M",0.84,"LOI","M",NA,3.1,NA,FALSE,2,4
"3","572","pb1b","572c","4-6","M",1.02,"LOI","M",NA,2.9,NA,FALSE,4,6
"3","572","pb1b","572d","6-8","M",1.14,"CHN&LOI","M","M",2.9,0.6,FALSE,6,8
"3","572","pb1b","572e","8-10","M",1.24,"LOI","M",NA,2.7,NA,FALSE,8,10
"3","572","pb1b","572f","10-12","M",1.38,"LOI","M",NA,2,NA,FALSE,10,12
"3","572","pb1b","572g","12-14","M",1.58,"LOI","M",NA,1.7,NA,FALSE,12,14
"3","572","pb1b","572h","14-16","M",1.51,"LOI","M",NA,1.6,NA,FALSE,14,16
"3","572","pb1b","572i","16-18","M",1.5,"LOI","M",NA,1.5,NA,FALSE,16,18
"3","572","pb1b","572j","18-20","M",1.43,"LOI","M",NA,1.7,NA,FALSE,18,20
"3","572","pb1b","572k","20-22","M",1.38,"LOI","M",NA,1.8,NA,FALSE,20,22
"3","572","pb1b","572l","22-24","M",1.48,"LOI","M",NA,1.5,NA,FALSE,22,24
"3","572","pb1b","572m","24-26","M",1.38,"LOI","M",NA,1.3,NA,FALSE,24,26
"3","572","pb1b","572n","26-28","M",1.36,"LOI","M",NA,0.8,NA,FALSE,26,28
"3","572","pb1b","572o","28-30","M",1.4,"LOI","M",NA,1.3,NA,FALSE,28,30
"3","572","pb1b","572p","30-32","M",1.37,"LOI","M",NA,1.2,NA,FALSE,30,32
"3","572","pb1b","572q","32-34","M",1.42,"LOI","M",NA,1.7,NA,FALSE,32,34
"3","572","pb1b","572r","34-36","M",1.28,"LOI","M",NA,1.5,NA,FALSE,34,36
"3","572","pb1b","572s","36-38","M",1.39,"LOI","M",NA,1.6,NA,FALSE,36,38
"3","572","pb1b","572t","38-40","M",1.38,"LOI","M",NA,1.3,NA,FALSE,38,40
"3","572","pb1b","572u","40-42","M",1.33,"LOI","M",NA,1.4,NA,FALSE,40,42
"3","572","pb1b","572v","42-44","M",1.15,"LOI","M",NA,1.6,NA,FALSE,42,44
"3","572","pb1b","572w","44-46","M",1.08,"LOI","M",NA,2.3,NA,FALSE,44,46
"3","572","pb1b","572x","46-48","M",1.47,"LOI","M",NA,2.2,NA,FALSE,46,48
"3","572","pb1b","572y","48-50","E",1.47,NA,"E",NA,2.2,NA,FALSE,48,50
"3","573","pb2a","573a","0-2","M",1.32,"LOI","M",NA,1.8,NA,FALSE,0,2
"3","573","pb2a","573b","2-4","M",1.52,"CHN&LOI","M","M",1.4,0.7,FALSE,2,4
"3","573","pb2a","573c","4-6","M",1.52,"LOI","M",NA,1.6,NA,FALSE,4,6
"3","573","pb2a","573d","6-8","M",1.43,"LOI","M",NA,1.7,NA,FALSE,6,8
"3","573","pb2a","573e","8-10","M",1.48,"LOI","M",NA,1.8,NA,FALSE,8,10
"3","573","pb2a","573f","10-12","M",1.37,"LOI","M",NA,1.8,NA,FALSE,10,12
"3","573","pb2a","573g","12-14","M",1.49,"LOI","M",NA,1.9,NA,FALSE,12,14
"3","573","pb2a","573h","14-16","M",1.38,"LOI","M",NA,1.9,NA,FALSE,14,16
"3","573","pb2a","573i","16-18","M",1.59,"LOI","M",NA,1.6,NA,FALSE,16,18
"3","573","pb2a","573j","18-20","M",1.55,"LOI","M",NA,1.6,NA,FALSE,18,20
"3","573","pb2a","573k","20-22","M",1.5,"LOI","M",NA,1.3,NA,FALSE,20,22
"3","573","pb2a","573l","22-24","M",1.71,"CHN&LOI","M","M",1.3,0.4,FALSE,22,24
"3","573","pb2a","573m","24-26","M",1.64,"LOI","M",NA,1.2,NA,FALSE,24,26
"3","573","pb2a","573n","26-28","M",1.28,"LOI","M",NA,1.3,NA,FALSE,26,28
"3","573","pb2a","573o","28-30","M",0.71,"CHN&LOI","M","M",1.4,0.4,FALSE,28,30
"3","573","pb2a","573p","30-32","M",1.85,"LOI","M",NA,1.3,NA,FALSE,30,32
"3","573","pb2a","573q","32-50","E",1.85,NA,"E",NA,1.3,NA,FALSE,32,50
"3","574","pb2b","574a","0-2","M",0.98,"LOI","M",NA,1.8,NA,FALSE,0,2
"3","574","pb2b","574b","2-4","M",1.35,"LOI","M",NA,1.9,NA,FALSE,2,4
"3","574","pb2b","574c","4-6","M",1.46,"LOI","M",NA,1.8,NA,FALSE,4,6
"3","574","pb2b","574d","6-8","M",1.48,"LOI","M",NA,1.8,NA,FALSE,6,8
"3","574","pb2b","574e","8-10","M",1.4,"LOI","M",NA,2.3,NA,FALSE,8,10
"3","574","pb2b","574f","10-12","M",1.39,"LOI","M",NA,2,NA,FALSE,10,12
"3","574","pb2b","574g","12-14","M",1.67,"LOI","M",NA,1.6,NA,FALSE,12,14
"3","574","pb2b","574h","14-16","M",1.49,"LOI","M",NA,1.5,NA,FALSE,14,16
"3","574","pb2b","574i","16-18","M",1.56,"LOI","M",NA,1.6,NA,FALSE,16,18
"3","574","pb2b","574j","18-20","M",1.25,"LOI","M",NA,1.5,NA,FALSE,18,20
"3","574","pb2b","574k","20-22","M",1.52,"LOI","M",NA,1.4,NA,FALSE,20,22
"3","574","pb2b","574l","22-24","M",1.49,"CHN&LOI","M","M",1.4,0.4,FALSE,22,24
"3","574","pb2b","574m","24-26","M",1.77,"LOI","M",NA,1.6,NA,FALSE,24,26
"3","574","pb2b","574n","26-30","E",1.77,NA,"E",NA,1.6,NA,FALSE,26,30
"3","575","pb3a","575a","0-2","M",1.07,"LOI","M",NA,2.5,NA,FALSE,0,2
"3","575","pb3a","575b","2-4","M",0.99,"LOI","M",NA,2.3,NA,FALSE,2,4
"3","575","pb3a","575c","4-6","M",1.24,"LOI","M",NA,2.2,NA,FALSE,4,6
"3","575","pb3a","575d","6-8","M",1.18,"LOI","M",NA,2,NA,FALSE,6,8
"3","575","pb3a","575e","8-10","M",1.19,"LOI","M",NA,1.8,NA,FALSE,8,10
"3","575","pb3a","575f","10-12","M",1.38,"LOI","M",NA,1.6,NA,FALSE,10,12
"3","575","pb3a","575g","12-14","M",1.24,"LOI","M",NA,1.7,NA,FALSE,12,14
"3","575","pb3a","575h","14-16","M",1.27,"LOI","M",NA,1.6,NA,FALSE,14,16
"3","575","pb3a","575i","16-18","M",1.26,"LOI","M",NA,1.5,NA,FALSE,16,18
"3","575","pb3a","575j","18-20","M",1.1,"LOI","M",NA,1.7,NA,FALSE,18,20
"3","575","pb3a","575k","20-22","M",1.3,"LOI","M",NA,1.4,NA,FALSE,20,22
"3","575","pb3a","575l","22-24","M",1.37,"LOI","M",NA,1.6,NA,FALSE,22,24
"3","575","pb3a","575m","24-26","M",1.57,"LOI","M",NA,1.4,NA,FALSE,24,26
"3","575","pb3a","575n","26-28","M",1.7,"LOI","M",NA,1.3,NA,FALSE,26,28
"3","575","pb3a","575o","28-30","M",1.55,"LOI","M",NA,1.1,NA,FALSE,28,30
"3","575","pb3a","575p","30-32","M",1.38,"LOI","M",NA,1,NA,FALSE,30,32
"3","575","pb3a","575q","32-34","M",1.27,"LOI","M",NA,1.3,NA,FALSE,32,34
"3","575","pb3a","575r","34-36","M",1.09,"LOI","M",NA,1.2,NA,FALSE,34,36
"3","575","pb3a","575s","36-38","M",1.21,"CHN&LOI","M","M",1.4,0.4,FALSE,36,38
"3","575","pb3a","575t","38-40","M",1.46,"LOI","M",NA,1.5,NA,FALSE,38,40
"3","575","pb3a","575u","40-42","M",1.52,"LOI","M",NA,1.5,NA,FALSE,40,42
"3","575","pb3a","575v","42-44","M",1.4,"LOI","M",NA,1.6,NA,FALSE,42,44
"3","575","pb3a","575w","44-46","M",1.45,"LOI","M",NA,1.6,NA,FALSE,44,46
"3","575","pb3a","575x","46-48","M",1.52,"LOI","M",NA,1.5,NA,FALSE,46,48
"3","575","pb3a","575y","48-50","M",1.34,"LOI","M",NA,1.6,NA,FALSE,48,50
"3","575","pb3a","575z","50-52","M",1.5,"LOI","M",NA,1.6,NA,FALSE,50,52
"3","575","pb3a","575aa","52-54","M",1.55,"LOI","M",NA,1.6,NA,FALSE,52,54
"3","575","pb3a","575ab","54-56","M",1.67,"LOI","M",NA,1.6,NA,FALSE,54,56
"3","575","pb3a","575ac","56-58","M",1.54,"LOI","M",NA,1.5,NA,FALSE,56,58
"3","575","pb3a","575ad","58-60","M",1.65,"LOI","M",NA,1.5,NA,FALSE,58,60
"3","575","pb3a","575ae","60-62","M",1.54,"LOI","M",NA,1.6,NA,FALSE,60,62
"3","575","pb3a","575af","62-64","M",1.58,"LOI","M",NA,1.5,NA,FALSE,62,64
"3","575","pb3a","575ag","64-66","M",1.58,"LOI","M",NA,2,NA,FALSE,64,66
"3","575","pb3a","575ah","66-68","M",1.4,"LOI","M",NA,1.7,NA,FALSE,66,68
"3","575","pb3a","575ai","68-70","M",1.14,"LOI","M",NA,2.6,NA,FALSE,68,70
"3","576","pb3b","576a","0-2","M",1.34,"LOI","M",NA,3.1,NA,FALSE,0,2
"3","576","pb3b","576b","2-4","M",1.26,"LOI","M",NA,1.9,NA,FALSE,2,4
"3","576","pb3b","576c","4-6","M",1.41,"LOI","M",NA,1.9,NA,FALSE,4,6
"3","576","pb3b","576d","6-8","M",1.42,"LOI","M",NA,1.9,NA,FALSE,6,8
"3","576","pb3b","576e","8-10","M",1.42,"CHN&LOI","M","M",1.9,0.7,FALSE,8,10
"3","576","pb3b","576f","10-12","M",1.39,"LOI","M",NA,2,NA,FALSE,10,12
"3","576","pb3b","576g","12-14","M",1.4,"LOI","M",NA,2,NA,FALSE,12,14
"3","576","pb3b","576h","14-16","M",1.39,"LOI","M",NA,2,NA,FALSE,14,16
"3","576","pb3b","576i","16-18","M",1.53,"LOI","M",NA,1.9,NA,FALSE,16,18
"3","576","pb3b","576j","18-20","M",1.55,"LOI","M",NA,1.8,NA,FALSE,18,20
"3","576","pb3b","576k","20-22","M",1.52,"LOI","M",NA,1.6,NA,FALSE,20,22
"3","576","pb3b","576l","22-24","M",1.56,"LOI","M",NA,1.5,NA,FALSE,22,24
"3","576","pb3b","576m","24-26","M",1.58,"LOI","M",NA,1.5,NA,FALSE,24,26
"3","576","pb3b","576n","26-28","M",1.63,"LOI","M",NA,1.6,NA,FALSE,26,28
"3","576","pb3b","576o","28-30","M",1.63,"LOI","M",NA,1.5,NA,FALSE,28,30
"3","576","pb3b","576p","30-32","M",1.57,"LOI","M",NA,1.5,NA,FALSE,30,32
"3","576","pb3b","576q","32-34","M",1.61,"LOI","M",NA,1.6,NA,FALSE,32,34
"3","576","pb3b","576r","34-36","M",1.38,"LOI","M",NA,1.5,NA,FALSE,34,36
"3","576","pb3b","576s","36-38","M",1.37,"LOI","M",NA,1.3,NA,FALSE,36,38
"3","576","pb3b","576t","38-40","M",1.62,"LOI","M",NA,1.4,NA,FALSE,38,40
"3","576","pb3b","576u","40-42","M",1.7,"LOI","M",NA,1.3,NA,FALSE,40,42
"3","576","pb3b","576v","42-44","M",1.71,"LOI","M",NA,1.5,NA,FALSE,42,44
"3","576","pb3b","576w","44-46","M",1.7,"LOI","M",NA,1.6,NA,FALSE,44,46
"3","576","pb3b","576x","46-48","M",1.68,"LOI","M",NA,1.3,NA,FALSE,46,48
"3","576","pb3b","576y","48-50","M",1.66,"LOI","M",NA,1.2,NA,FALSE,48,50
"3","576","pb3b","576z","50-52","M",1.67,"LOI","M",NA,1.2,NA,FALSE,50,52
"3","576","pb3b","576aa","52-54","M",0.55,"LOI","M",NA,1.2,NA,FALSE,52,54
"3","576","pb3b","576ab","54-56","M",1.78,"LOI","M",NA,1.3,NA,FALSE,54,56
"3","576","pb3b","576ac","56-58","M",1.64,"LOI","M",NA,1.3,NA,FALSE,56,58
"3","576","pb3b","576ad","58-60","M",1.59,"CHN&LOI","M","M",1.2,0.1,FALSE,58,60
"3","576","pb3b","576ae","60-62","M",1.63,"LOI","M",NA,1.2,NA,FALSE,60,62
"3","576","pb3b","576af","62-64","M",1.58,"LOI","M",NA,1.3,NA,FALSE,62,64
"3","576","pb3b","576ag","64-66","M",1.62,"LOI","M",NA,1.5,NA,FALSE,64,66
"3","576","pb3b","576ah","66-68","M",1.57,"LOI","M",NA,1.6,NA,FALSE,66,68
"3","576","pb3b","576ai","68-70","M",1.78,"LOI","M",NA,1.5,NA,FALSE,68,70
"3","576","pb3b","576aj","70-72","M",1.33,"LOI","M",NA,1.6,NA,FALSE,70,72
"3","579","s1a","579a","0-2","M",1.21,"LOI","M",NA,1.3,NA,FALSE,0,2
"3","579","s1a","579b","2-4","M",1.47,"CHN&LOI","M","M",2.1,0.2,FALSE,2,4
"3","579","s1a","579c","4-6","M",0.64,"LOI","M",NA,1.2,NA,FALSE,4,6
"3","579","s1a","579d","6-8","M",1.58,"LOI","M",NA,1,NA,FALSE,6,8
"3","579","s1a","579e","8-10","M",1.62,"LOI","M",NA,1.1,NA,FALSE,8,10
"3","579","s1a","579f","10-12","M",1.54,"LOI","M",NA,1,NA,FALSE,10,12
"3","579","s1a","579g","12-14","M",1.67,"LOI","M",NA,1.2,NA,FALSE,12,14
"3","579","s1a","579h","14-16","M",1.68,"LOI","M",NA,1.1,NA,FALSE,14,16
"3","579","s1a","579i","16-18","M",1.71,"LOI","M",NA,1.3,NA,FALSE,16,18
"3","579","s1a","579j","18-20","M",1.53,"LOI","M",NA,1.6,NA,FALSE,18,20
"3","579","s1a","579k","20-22","M",1.71,"LOI","M",NA,1.5,NA,FALSE,20,22
"3","579","s1a","579l","22-24","M",1.55,"LOI","M",NA,1.7,NA,FALSE,22,24
"3","579","s1a","579m","24-26","M",1.91,"LOI","M",NA,1.6,NA,FALSE,24,26
"3","579","s1a","579n","26-28","M",2.68,"CHN&LOI","M","M",1.6,0.5,FALSE,26,28
"3","579","s1a","579o","28-30","E",2.68,NA,"E",NA,1.6,NA,FALSE,28,30
"3","581","s2a","581a","0-2","M",1.91,"LOI","M",NA,1.4,NA,FALSE,0,2
"3","581","s2a","581b","2-4","M",1.16,"LOI","M",NA,2.2,NA,FALSE,2,4
"3","581","s2a","581c","4-6","M",1.41,"LOI","M",NA,1.7,NA,FALSE,4,6
"3","581","s2a","581d","6-8","M",1.53,"LOI","M",NA,1.7,NA,FALSE,6,8
"3","581","s2a","581e","8-10","M",1.48,"LOI","M",NA,1.6,NA,FALSE,8,10
"3","581","s2a","581f","10-12","M",1.41,"LOI","M",NA,1.4,NA,FALSE,10,12
"3","581","s2a","581g","12-14","M",1.6,"LOI","M",NA,1.4,NA,FALSE,12,14
"3","581","s2a","581h","14-16","M",1.6,"LOI","M",NA,1.4,NA,FALSE,14,16
"3","581","s2a","581i","16-18","M",1.59,"LOI","M",NA,1.4,NA,FALSE,16,18
"3","581","s2a","581j","18-20","M",1.75,"LOI","M",NA,1.5,NA,FALSE,18,20
"3","581","s2a","581k","20-22","M",1.49,"LOI","M",NA,1.4,NA,FALSE,20,22
"3","581","s2a","581l","22-24","M",1.49,"LOI","M",NA,1.5,NA,FALSE,22,24
"3","581","s2a","581m","24-26","M",1.46,"LOI","M",NA,1.6,NA,FALSE,24,26
"3","581","s2a","581n","26-28","M",1.41,"LOI","M",NA,1.6,NA,FALSE,26,28
"3","581","s2a","581o","28-30","M",1.41,"LOI","M",NA,1.6,NA,FALSE,28,30
"3","581","s2a","581p","30-32","M",1.46,"LOI","M",NA,1.8,NA,FALSE,30,32
"3","581","s2a","581q","32-34","M",1.5,"LOI","M",NA,2.3,NA,FALSE,32,34
"3","581","s2a","581r","34-36","M",1.31,"LOI","M",NA,15.9,NA,FALSE,34,36
"3","581","s2a","581s","36-38","M",1.01,"LOI","M",NA,1.8,NA,FALSE,36,38
"3","581","s2a","581t","38-40","M",1.22,"LOI","M",NA,3.5,NA,FALSE,38,40
"3","581","s2a","581u","40-42","M",1.34,"LOI","M",NA,1.1,NA,FALSE,40,42
"3","581","s2a","581v","42-44","M",1.55,"LOI","M",NA,1.3,NA,FALSE,42,44
"3","581","s2a","581w","44-46","M",1.52,"LOI","M",NA,1.3,NA,FALSE,44,46
"3","581","s2a","581x","46-48","M",1.42,"LOI","M",NA,1.2,NA,FALSE,46,48
"3","581","s2a","581y","48-50","M",1.51,"LOI","M",NA,1.4,NA,FALSE,48,50
"3","581","s2a","581z","50-52","M",1.32,"LOI","M",NA,1.3,NA,FALSE,50,52
"3","581","s2a","581aa","52-54","M",1.47,"LOI","M",NA,1.3,NA,FALSE,52,54
"3","581","s2a","581ab","54-56","M",1.44,"LOI","M",NA,1.5,NA,FALSE,54,56
"3","581","s2a","581ac","56-58","M",1.44,"LOI","M",NA,1.5,NA,FALSE,56,58
"3","581","s2a","581ad","58-60","M",1.84,"LOI","M",NA,1.2,NA,FALSE,58,60
"3","582","s2b","582a","0-2","M",1.09,"LOI","M",NA,1.2,NA,FALSE,0,2
"3","582","s2b","582b","2-4","M",1.33,"LOI","M",NA,2.1,NA,FALSE,2,4
"3","582","s2b","582c","4-6","M",1.29,"LOI","M",NA,1.8,NA,FALSE,4,6
"3","582","s2b","582d","6-8","M",1.35,"CHN&LOI","M","M",1.6,0,FALSE,6,8
"3","582","s2b","582e","8-10","M",1.36,"LOI","M",NA,1.6,NA,FALSE,8,10
"3","582","s2b","582f","10-12","M",1.32,"LOI","M",NA,1.5,NA,FALSE,10,12
"3","582","s2b","582g","12-14","M",1.35,"LOI","M",NA,1.5,NA,FALSE,12,14
"3","582","s2b","582h","14-16","M",1.37,"LOI","M",NA,1.6,NA,FALSE,14,16
"3","582","s2b","582i","16-18","M",1.34,"LOI","M",NA,1.6,NA,FALSE,16,18
"3","582","s2b","582j","18-20","M",1.31,"LOI","M",NA,2,NA,FALSE,18,20
"3","582","s2b","582k","20-22","M",1.37,"LOI","M",NA,1.8,NA,FALSE,20,22
"3","582","s2b","582l","22-24","M",1.67,"LOI","M",NA,1.8,NA,FALSE,22,24
"3","582","s2b","582m","24-26","M",1.56,"LOI","M",NA,1.4,NA,FALSE,24,26
"3","582","s2b","582n","26-28","M",1.53,"LOI","M",NA,1.3,NA,FALSE,26,28
"3","582","s2b","582o","28-30","M",1.39,"LOI","M",NA,1.3,NA,FALSE,28,30
"3","582","s2b","582p","30-32","M",1.43,"LOI","M",NA,1.3,NA,FALSE,30,32
"3","582","s2b","582q","32-34","M",1.31,"LOI","M",NA,1.4,NA,FALSE,32,34
"3","582","s2b","582r","34-36","M",1.27,"LOI","M",NA,1.2,NA,FALSE,34,36
"3","582","s2b","582s","36-38","M",1.4,"LOI","M",NA,1.3,NA,FALSE,36,38
"3","582","s2b","582t","38-40","M",1.74,"LOI","M",NA,1.5,NA,FALSE,38,40
"3","582","s2b","582u","40-42","M",1.32,"LOI","M",NA,1.4,NA,FALSE,40,42
"3","582","s2b","582v","42-44","M",1.46,"LOI","M",NA,1.3,NA,FALSE,42,44
"3","582","s2b","582w","44-46","M",1.35,"LOI","M",NA,1.5,NA,FALSE,44,46
"3","582","s2b","582x","46-48","M",1.36,"CHN&LOI","M","M",1.4,0,FALSE,46,48
"3","582","s2b","582y","48-50","M",1.43,"LOI","M",NA,1.6,NA,FALSE,48,50
"3","582","s2b","582z","50-52","M",1.38,"LOI","M",NA,1.7,NA,FALSE,50,52
"3","582","s2b","582aa","52-54","M",1.38,"LOI","M",NA,2,NA,FALSE,52,54
"3","582","s2b","582ab","54-56","M",1.42,"LOI","M",NA,1.3,NA,FALSE,54,56
"3","582","s2b","582ac","56-58","M",1.31,"LOI","M",NA,1.4,NA,FALSE,56,58
"3","582","s2b","582ad","58-60","M",1.52,"LOI","M",NA,1.4,NA,FALSE,58,60
"3","582","s2b","582ae","60-62","M",1.25,"LOI","M",NA,1.3,NA,FALSE,60,62
"3","582","s2b","582af","62-64","M",1.47,"LOI","M",NA,1.2,NA,FALSE,62,64
"3","582","s2b","582ag","64-66","M",1.43,"LOI","M",NA,1.3,NA,FALSE,64,66
"3","582","s2b","582ah","66-68","M",1.61,"LOI","M",NA,1.3,NA,FALSE,66,68
"3","582","s2b","582ai","68-70","M",1.45,"CHN&LOI","M","M",1.1,0.2,FALSE,68,70
"3","582","s2b","582aj","70-72","M",1.48,"LOI","M",NA,1.5,NA,FALSE,70,72
"3","582","s2b","582ak","72-74","M",1.11,"LOI","M",NA,1.7,NA,FALSE,72,74
"3","583","sk1a","583a","0-2","M",1.1,"LOI","M",NA,3,NA,FALSE,0,2
"3","583","sk1a","583b","2-4","M",1.27,"CHN&LOI","M","M",3.3,1.2,FALSE,2,4
"3","583","sk1a","583c","4-6","M",1.38,"LOI","M",NA,2.7,NA,FALSE,4,6
"3","583","sk1a","583d","6-8","M",1.41,"LOI","M",NA,2.4,NA,FALSE,6,8
"3","583","sk1a","583e","8-10","M",1.47,"LOI","M",NA,2.1,NA,FALSE,8,10
"3","583","sk1a","583f","10-12","M",1.3,"LOI","M",NA,2.7,NA,FALSE,10,12
"3","583","sk1a","583g","12-14","M",1.24,"LOI","M",NA,2.7,NA,FALSE,12,14
"3","583","sk1a","583h","14-16","M",1.34,"LOI","M",NA,2.9,NA,FALSE,14,16
"3","583","sk1a","583i","16-18","M",1.18,"LOI","M",NA,3.6,NA,FALSE,16,18
"3","583","sk1a","583j","18-20","M",1.28,"LOI","M",NA,2.2,NA,FALSE,18,20
"3","583","sk1a","583k","20-22","M",1.26,"LOI","M",NA,2.4,NA,FALSE,20,22
"3","583","sk1a","583l","22-24","M",1.57,"LOI","M",NA,1.3,NA,FALSE,22,24
"3","583","sk1a","583m","24-26","M",1.53,"LOI","M",NA,1.1,NA,FALSE,24,26
"3","583","sk1a","583n","26-28","M",1.51,"LOI","M",NA,1.3,NA,FALSE,26,28
"3","583","sk1a","583o","28-30","M",1.48,"LOI","M",NA,1.7,NA,FALSE,28,30
"3","583","sk1a","583p","30-32","M",1.63,"LOI","M",NA,1.2,NA,FALSE,30,32
"3","583","sk1a","583q","32-34","M",1.54,"LOI","M",NA,1.2,NA,FALSE,32,34
"3","583","sk1a","583r","34-36","M",1.58,"LOI","M",NA,1.1,NA,FALSE,34,36
"3","583","sk1a","583s","36-38","M",1.34,"LOI","M",NA,1.8,NA,FALSE,36,38
"3","583","sk1a","583t","38-40","M",1.49,"LOI","M",NA,0.9,NA,FALSE,38,40
"3","583","sk1a","583u","40-42","M",1.33,"CHN&LOI","M","M",1.2,0.6,FALSE,40,42
"3","583","sk1a","583v","42-44","M",1.15,"LOI","M",NA,1.3,NA,FALSE,42,44
"3","583","sk1a","583w","44-46","M",0.8,"LOI","M",NA,3.6,NA,FALSE,44,46
"3","583","sk1a","583x","46-48","M",0.76,"LOI","M",NA,3.9,NA,FALSE,46,48
"3","583","sk1a","583y","48-50","M",0.87,"LOI","M",NA,3.3,NA,FALSE,48,50
"3","585","sk2a","585a","0-2","M",0.65,"LOI","M",NA,5.8,NA,FALSE,0,2
"3","585","sk2a","585b","2-4","M",0.77,"LOI","M",NA,6.5,NA,FALSE,2,4
"3","585","sk2a","585c","4-6","M",0.88,"LOI","M",NA,6.8,NA,FALSE,4,6
"3","585","sk2a","585d","6-8","M",0.99,"LOI","M",NA,6.8,NA,FALSE,6,8
"3","585","sk2a","585e","8-10","M",0.93,"LOI","M",NA,5.7,NA,FALSE,8,10
"3","585","sk2a","585f","10-12","M",0.87,"LOI","M",NA,6.7,NA,FALSE,10,12
"3","585","sk2a","585g","12-14","M",1.15,"LOI","M",NA,5.9,NA,FALSE,12,14
"3","585","sk2a","585h","14-16","M",1.18,"LOI","M",NA,3.2,NA,FALSE,14,16
"3","585","sk2a","585i","16-18","M",1.36,"LOI","M",NA,3,NA,FALSE,16,18
"3","585","sk2a","585j","18-20","M",1.37,"LOI","M",NA,2.8,NA,FALSE,18,20
"3","585","sk2a","585k","20-22","M",1.3,"LOI","M",NA,2.9,NA,FALSE,20,22
"3","585","sk2a","585l","22-24","M",0.97,"LOI","M",NA,6.8,NA,FALSE,22,24
"3","585","sk2a","585m","24-26","M",1.26,"LOI","M",NA,4.7,NA,FALSE,24,26
"3","585","sk2a","585n","26-28","M",1.18,"LOI","M",NA,6.3,NA,FALSE,26,28
"3","585","sk2a","585o","28-30","M",1.12,"LOI","M",NA,7,NA,FALSE,28,30
"3","585","sk2a","585p","30-32","M",1.37,"LOI","M",NA,3.5,NA,FALSE,30,32
"3","585","sk2a","585q","32-34","M",1.64,"LOI","M",NA,2,NA,FALSE,32,34
"3","585","sk2a","585r","34-36","M",1.6,"LOI","M",NA,1.8,NA,FALSE,34,36
"3","585","sk2a","585s","36-38","M",1.66,"LOI","M",NA,1.9,NA,FALSE,36,38
"3","585","sk2a","585t","38-40","M",1.61,"CHN&LOI","M","M",1.9,0.4,FALSE,38,40
"3","585","sk2a","585u","40-42","M",1.64,"LOI","M",NA,1.7,NA,FALSE,40,42
"3","585","sk2a","585v","42-44","M",1.59,"LOI","M",NA,1.4,NA,FALSE,42,44
"3","585","sk2a","585w","44-46","M",1.64,"LOI","M",NA,1.8,NA,FALSE,44,46
"3","585","sk2a","585x","46-48","M",1.61,"LOI","M",NA,1.6,NA,FALSE,46,48
"3","585","sk2a","585y","48-50","M",1.7,"LOI","M",NA,1.5,NA,FALSE,48,50
"3","587","sk3a","587a","0-2","M",1.31,"LOI","M",NA,1.6,NA,FALSE,0,2
"3","587","sk3a","587b","2-4","M",1.32,"LOI","M",NA,1.6,NA,FALSE,2,4
"3","587","sk3a","587c","4-6","M",1.39,"LOI","M",NA,1.5,NA,FALSE,4,6
"3","587","sk3a","587d","6-8","M",1.2,"LOI","M",NA,1.8,NA,FALSE,6,8
"3","587","sk3a","587e","8-10","M",1.28,"LOI","M",NA,1.9,NA,FALSE,8,10
"3","587","sk3a","587f","10-12","M",1.17,"LOI","M",NA,2,NA,FALSE,10,12
"3","587","sk3a","587g","12-14","M",1.2,"LOI","M",NA,2.2,NA,FALSE,12,14
"3","587","sk3a","587h","14-16","M",1.44,"LOI","M",NA,2.2,NA,FALSE,14,16
"3","587","sk3a","587i","16-18","M",1.36,"LOI","M",NA,2,NA,FALSE,16,18
"3","587","sk3a","587j","18-20","M",1.32,"LOI","M",NA,2.2,NA,FALSE,18,20
"3","587","sk3a","587k","20-22","M",1.5,"LOI","M",NA,1.8,NA,FALSE,20,22
"3","587","sk3a","587l","22-24","M",1.49,"LOI","M",NA,1.5,NA,FALSE,22,24
"3","587","sk3a","587m","24-26","M",1.42,"LOI","M",NA,1.6,NA,FALSE,24,26
"3","587","sk3a","587n","26-28","M",1.38,"LOI","M",NA,1.9,NA,FALSE,26,28
"3","587","sk3a","587o","28-30","M",1.38,"LOI","M",NA,1.8,NA,FALSE,28,30
"3","587","sk3a","587p","30-32","M",1.5,"LOI","M",NA,1.8,NA,FALSE,30,32
"3","587","sk3a","587q","32-34","M",1.46,"LOI","M",NA,1.7,NA,FALSE,32,34
"3","587","sk3a","587r","34-36","M",1.48,"LOI","M",NA,1.5,NA,FALSE,34,36
"3","587","sk3a","587s","36-38","M",1.54,"CHN&LOI","M","M",1.6,0.3,FALSE,36,38
"3","587","sk3a","587t","38-40","M",1.45,"LOI","M",NA,1.6,NA,FALSE,38,40
"3","587","sk3a","587u","40-42","M",1.42,"LOI","M",NA,1.7,NA,FALSE,40,42
"3","587","sk3a","587v","42-44","M",1.57,"LOI","M",NA,1.5,NA,FALSE,42,44
"3","587","sk3a","587w","44-46","M",1.51,"LOI","M",NA,1.7,NA,FALSE,44,46
"3","587","sk3a","587x","46-48","M",1.52,"LOI","M",NA,1.9,NA,FALSE,46,48
"3","587","sk3a","587y","48-50","M",1.41,"LOI","M",NA,2.7,NA,FALSE,48,50
"3","589","sk4a","589a","0-2","M",1.2,"LOI","M",NA,2.4,NA,FALSE,0,2
"3","589","sk4a","589b","2-4","M",1.22,"LOI","M",NA,2.2,NA,FALSE,2,4
"3","589","sk4a","589c","4-6","M",1.32,"CHN&LOI","M","M",2,0.2,FALSE,4,6
"3","589","sk4a","589d","6-8","M",1.24,"LOI","M",NA,2.5,NA,FALSE,6,8
"3","589","sk4a","589e","8-10","M",1.33,"LOI","M",NA,2,NA,FALSE,8,10
"3","589","sk4a","589f","10-12","M",1.39,"LOI","M",NA,2,NA,FALSE,10,12
"3","589","sk4a","589g","12-14","M",1.46,"LOI","M",NA,1.8,NA,FALSE,12,14
"3","589","sk4a","589h","14-16","M",1.47,"LOI","M",NA,1.8,NA,FALSE,14,16
"3","589","sk4a","589i","16-18","M",1.42,"LOI","M",NA,2,NA,FALSE,16,18
"3","589","sk4a","589j","18-20","M",1.46,"LOI","M",NA,1.8,NA,FALSE,18,20
"3","589","sk4a","589k","20-22","M",1.38,"LOI","M",NA,1.8,NA,FALSE,20,22
"3","589","sk4a","589l","22-24","M",1.43,"LOI","M",NA,1.5,NA,FALSE,22,24
"3","589","sk4a","589m","24-26","M",1.41,"CHN&LOI","M","M",1.7,0.3,FALSE,24,26
"3","589","sk4a","589n","26-28","M",1.5,"LOI","M",NA,1.8,NA,FALSE,26,28
"3","589","sk4a","589o","28-30","M",1.43,"LOI","M",NA,1.6,NA,FALSE,28,30
"3","589","sk4a","589p","30-32","M",1.46,"LOI","M",NA,1.9,NA,FALSE,30,32
"3","589","sk4a","589q","32-34","M",1.4,"LOI","M",NA,2,NA,FALSE,32,34
"3","589","sk4a","589r","34-36","M",1.36,"LOI","M",NA,1.7,NA,FALSE,34,36
"3","589","sk4a","589s","36-38","M",1.36,"LOI","M",NA,1.9,NA,FALSE,36,38
"3","589","sk4a","589t","38-40","M",1.47,"LOI","M",NA,1.8,NA,FALSE,38,40
"3","589","sk4a","589u","40-42","M",1.45,"LOI","M",NA,1.6,NA,FALSE,40,42
"3","589","sk4a","589v","42-44","M",1.25,"LOI","M",NA,1.8,NA,FALSE,42,44
"3","589","sk4a","589w","44-46","M",1.42,"LOI","M",NA,1.7,NA,FALSE,44,46
"3","589","sk4a","589x","46-48","M",1.33,"LOI","M",NA,1.7,NA,FALSE,46,48
"3","589","sk4a","589y","48-50","M",1.34,"LOI","M",NA,1.6,NA,FALSE,48,50
"25","599","3","599a","0-2","M",1.23,"CHN&LOI","M","M",7.3,2.2,FALSE,0,2
"25","599","3","599b","2-4","M",1.16,"LOI","M",NA,8.2,NA,FALSE,2,4
"25","599","3","599c","4-6","M",1.08,"LOI","M",NA,7.8,NA,FALSE,4,6
"25","599","3","599d","6-8","M",1.41,"LOI","M",NA,7.7,NA,FALSE,6,8
"25","599","3","599e","8-10","M",1.09,"LOI","M",NA,7.8,NA,FALSE,8,10
"25","599","3","599f","10-12","M",1.02,"LOI","M",NA,7.8,NA,FALSE,10,12
"25","599","3","599g","12-14","I",1.09,NA,"I",NA,9,NA,FALSE,12,14
"25","599","3","599h","14-16","M",1.15,"LOI","M",NA,10.1,NA,FALSE,14,16
"25","599","3","599i","16-18","I",1.12,NA,"I",NA,8.8,NA,FALSE,16,18
"25","599","3","599j","18-21","M",1.09,"LOI","M",NA,7.4,NA,FALSE,18,21
"25","599","3","599i","21-30","E",1.09,NA,"E",NA,7.4,NA,FALSE,21,30
"25","603","7","603a","0-2","M",1.17,"LOI","M",NA,4.8,NA,FALSE,0,2
"25","603","7","603b","2-4","M",0.94,"LOI","M",NA,6.3,NA,FALSE,2,4
"25","603","7","603c","4-6","M",1.21,"LOI","M",NA,4.7,NA,FALSE,4,6
"25","603","7","603d","6-8","M",1.13,"LOI","M",NA,3.3,NA,FALSE,6,8
"25","603","7","603e","8-10","I",1.16,NA,"I",NA,2.5,NA,FALSE,8,10
"25","603","7","603f","10-12","M",1.18,"LOI","M",NA,1.6,NA,FALSE,10,12
"25","603","7","603g","12-14","I",1.27,NA,"I",NA,2,NA,FALSE,12,14
"25","603","7","603h","14-16","M",1.35,"LOI","M",NA,2.3,NA,FALSE,14,16
"25","603","7","603i","16-18","I",1.39,NA,"I",NA,1.9,NA,FALSE,16,18
"25","603","7","603j","18-20","M",1.42,"LOI","M",NA,1.6,NA,FALSE,18,20
"25","603","7","603k","20-21.5","M",1.32,"LOI","M",NA,1.4,NA,FALSE,20,21.5
"25","603","7","603l","21.5-30","E",1.32,NA,"E",NA,1.4,NA,FALSE,21.5,30
"25","604","9","604a","0-2","M",1.44,"CHN&LOI","M","M",1.1,0.1,FALSE,0,2
"25","604","9","604b","2-4","M",1.34,"LOI","M",NA,1.2,NA,FALSE,2,4
"25","604","9","604c","4-6","M",1.34,"LOI","M",NA,0.9,NA,FALSE,4,6
"25","604","9","604d","6-8","M",1.35,"LOI","M",NA,0.9,NA,FALSE,6,8
"25","604","9","604e","8-10","I",1.35,NA,"I",NA,1,NA,FALSE,8,10
"25","604","9","604f","10-12","M",1.34,"LOI","M",NA,1.1,NA,FALSE,10,12
"25","604","9","604g","12-14","I",1.33,NA,"I",NA,1.4,NA,FALSE,12,14
"25","604","9","604h","14-16","M",1.31,"LOI","M",NA,1.8,NA,FALSE,14,16
"25","604","9","604i","16-18","I",1.22,NA,"I",NA,1.8,NA,FALSE,16,18
"25","604","9","604j","18-20","M",1.12,"LOI","M",NA,1.8,NA,FALSE,18,20
"25","604","9","604k","20-22","I",1.24,NA,"I",NA,1.7,NA,FALSE,20,22
"25","604","9","604l","22-24","M",1.36,"LOI","M",NA,1.5,NA,FALSE,22,24
"25","604","9","604m","24-26","I",1.23,NA,"I",NA,1.6,NA,FALSE,24,26
"25","604","9","604n","26-27.5","M",1.1,"LOI","M",NA,1.8,NA,FALSE,26,27.5
"25","604","9","604o","27.5-30","E",1.1,NA,"E",NA,1.8,NA,FALSE,27.5,30
"25","606","13","606a","0-2","M",0.78,"LOI","M",NA,0.5,NA,FALSE,0,2
"25","606","13","606b","2-4","M",1.56,"LOI","M",NA,0.7,NA,FALSE,2,4
"25","606","13","606c","4-6","M",1.32,"LOI","M",NA,0.4,NA,FALSE,4,6
"25","606","13","606d","6-8","M",1.2,"LOI","M",NA,0.5,NA,FALSE,6,8
"25","606","13","606e","8-10","I",1.19,NA,"I",NA,0.5,NA,FALSE,8,10
"25","606","13","606f","10-12","M",1.17,"LOI","M",NA,0.5,NA,FALSE,10,12
"25","606","13","606g","12-14","I",1.17,NA,"I",NA,0.5,NA,FALSE,12,14
"25","606","13","606h","14-16","M",1.16,"LOI","M",NA,0.5,NA,FALSE,14,16
"25","606","13","606i","16-18","M",1.21,"LOI","M",NA,0.6,NA,FALSE,16,18
"25","606","13","606j","18-21","M",1.62,"LOI","M",NA,0.9,NA,FALSE,18,21
"25","606","13","606k","21-30","E",1.62,NA,"E",NA,0.9,NA,FALSE,21,30
"25","607","15","607a","0-2","M",0.87,"LOI","M",NA,3.2,NA,FALSE,0,2
"25","607","15","607b","2-4","M",1.3,"LOI","M",NA,1.7,NA,FALSE,2,4
"25","607","15","607c","4-6","I",1.16,NA,"I",NA,2.2,NA,FALSE,4,6
"25","607","15","607d","6-8","M",1.02,"LOI","M",NA,2.7,NA,FALSE,6,8
"25","607","15","607e","8-10","M",1.07,"LOI","M",NA,3.1,NA,FALSE,8,10
"25","607","15","607f","10-12","M",1.26,"LOI","M",NA,1.5,NA,FALSE,10,12
"25","607","15","607g","12-14","I",1.26,NA,"I",NA,1.5,NA,FALSE,12,14
"25","607","15","607h","14-16","M",1.26,"LOI","M",NA,1.6,NA,FALSE,14,16
"25","607","15","607i","16-18","I",1.25,NA,"I",NA,1.2,NA,FALSE,16,18
"25","607","15","607j","18-20","M",1.24,"LOI","M",NA,0.9,NA,FALSE,18,20
"25","607","15","607k","20-22","I",1.39,NA,"I",NA,1.2,NA,FALSE,20,22
"25","607","15","607l","22-24","M",1.54,"LOI","M",NA,1.6,NA,FALSE,22,24
"25","607","15","607m","24-30","E",1.54,NA,"E",NA,1.6,NA,FALSE,24,30
"25","610","19","610a","0-2","M",2.11,"CHN&LOI","M","M",1.4,0.4,FALSE,0,2
"25","610","19","610b","2-4","M",2.83,"LOI","M",NA,0.9,NA,FALSE,2,4
"25","610","19","610c","4-6","I",2.72,NA,"I",NA,1.1,NA,FALSE,4,6
"25","610","19","610d","6-8","M",2.6,"LOI","M",NA,1.4,NA,FALSE,6,8
"25","610","19","610e","8-10","I",2.56,NA,"I",NA,1.9,NA,FALSE,8,10
"25","610","19","610f","10-12","M",2.52,"LOI","M",NA,2.4,NA,FALSE,10,12
"25","610","19","610g","12-14","M",2.59,"LOI","M",NA,3.1,NA,FALSE,12,14
"25","610","19","610h","14-16","M",2.74,"LOI","M",NA,2.5,NA,FALSE,14,16
"25","610","19","610i","16-18","I",2.76,NA,"I",NA,2.2,NA,FALSE,16,18
"25","610","19","610j","18-20","M",2.77,"LOI","M",NA,1.9,NA,FALSE,18,20
"25","610","19","610k","20-20.5","M",1.69,"LOI","M",NA,1.4,NA,FALSE,20,20.5
"25","610","19","610l","20.5-30","E",1.69,NA,"E",NA,1.4,NA,FALSE,20.5,30
"25","617","26","617a","0-2","M",2.36,"CHN&LOI","M","M",2,0.7,FALSE,0,2
"25","617","26","617b","2-4","M",2.51,"LOI","M",NA,1.7,NA,FALSE,2,4
"25","617","26","617c","4-6","I",2.46,NA,"I",NA,1.6,NA,FALSE,4,6
"25","617","26","617d","6-8","M",2.4,"LOI","M",NA,1.5,NA,FALSE,6,8
"25","617","26","617e","8-10","I",2.53,NA,"I",NA,1.7,NA,FALSE,8,10
"25","617","26","617f","10-12","M",2.65,"LOI","M",NA,1.8,NA,FALSE,10,12
"25","617","26","617g","12-14","I",2.83,NA,"I",NA,1.7,NA,FALSE,12,14
"25","617","26","617h","14-16","M",3,"LOI","M",NA,1.5,NA,FALSE,14,16
"25","617","26","617i","16-18","I",2.69,NA,"I",NA,1.2,NA,FALSE,16,18
"25","617","26","617j","18-20","M",2.37,"LOI","M",NA,0.8,NA,FALSE,18,20
"25","617","26","617k","20-22","M",2.89,"LOI","M",NA,0.6,NA,FALSE,20,22
"25","617","26","617l","22-24","I",2.86,NA,"I",NA,0.6,NA,FALSE,22,24
"25","617","26","617m","24-25.5","M",2.83,"LOI","M",NA,0.6,NA,FALSE,24,25.5
"25","617","26","617n","25.5-30","E",2.83,NA,"E",NA,0.6,NA,FALSE,25.5,30
"25","618","27","618a","0-2","M",1.88,"CHN&LOI","M","M",1.5,0.4,FALSE,0,2
"25","618","27","618b","2-4","M",2.5,"LOI","M",NA,1.5,NA,FALSE,2,4
"25","618","27","618c","4-6","M",2.22,"LOI","M",NA,1.4,NA,FALSE,4,6
"25","618","27","618d","6-8","I",2.24,NA,"I",NA,1.4,NA,FALSE,6,8
"25","618","27","618e","8-10","M",2.26,"CHN&LOI","M","M",1.3,0.4,FALSE,8,10
"25","618","27","618f","10-12","I",2.48,NA,"I",NA,1.2,NA,FALSE,10,12
"25","618","27","618g","12-14","M",2.7,"CHN&LOI","M","M",1.1,0.3,FALSE,12,14
"25","618","27","618h","14-16","I",2.55,NA,"I",NA,1.1,NA,FALSE,14,16
"25","618","27","618i","16-18","M",2.39,"LOI","M",NA,1,NA,FALSE,16,18
"25","618","27","618j","18-20","M",2.76,"LOI","M",NA,0.9,NA,FALSE,18,20
"25","618","27","618k","20-23","M",2.72,"CHN&LOI","M","M",1.2,0.2,FALSE,20,23
"25","618","27","618l","23-30","E",2.72,NA,"E",NA,1.2,NA,FALSE,23,30
"25","623","35","623a","0-2","M",0.42,"LOI","M",NA,7.4,NA,FALSE,0,2
"25","623","35","623b","2-4","M",0.61,"LOI","M",NA,6.9,NA,FALSE,2,4
"25","623","35","623c","4-6","M",0.63,"LOI","M",NA,6.8,NA,FALSE,4,6
"25","623","35","623d","6-8","M",0.75,"LOI","M",NA,7.2,NA,FALSE,6,8
"25","623","35","623e","8-10","M",0.65,"LOI","M",NA,6.8,NA,FALSE,8,10
"25","623","35","623f","10-12","M",0.7,"LOI","M",NA,6.8,NA,FALSE,10,12
"25","623","35","623g","12-14","M",0.82,"LOI","M",NA,7,NA,FALSE,12,14
"25","623","35","623h","14-16","M",0.63,"LOI","M",NA,7,NA,FALSE,14,16
"25","623","35","623i","16-18","M",0.72,"LOI","M",NA,6.1,NA,FALSE,16,18
"25","623","35","623j","18-20","M",0.72,"LOI","M",NA,6.3,NA,FALSE,18,20
"25","623","35","623k","20-22","M",0.54,"LOI","M",NA,6.5,NA,FALSE,20,22
"25","623","35","623l","22-24","M",1.17,"LOI","M",NA,6,NA,FALSE,22,24
"25","623","35","623m","24-30","E",1.17,NA,"E",NA,6,NA,FALSE,24,30
"25","627","39","627a","0-2","M",0.45,"LOI","M",NA,6.9,NA,FALSE,0,2
"25","627","39","627b","2-4","M",0.65,"LOI","M",NA,7,NA,FALSE,2,4
"25","627","39","627c","4-6","M",0.68,"LOI","M",NA,7.1,NA,FALSE,4,6
"25","627","39","627d","6-8","M",0.79,"LOI","M",NA,7,NA,FALSE,6,8
"25","627","39","627e","8-10","M",0.86,"LOI","M",NA,7,NA,FALSE,8,10
"25","627","39","627f","10-12","M",0.79,"LOI","M",NA,7.3,NA,FALSE,10,12
"25","627","39","627g","12-14","M",0.89,"LOI","M",NA,7,NA,FALSE,12,14
"25","627","39","627h","14-16","M",0.88,"LOI","M",NA,6.8,NA,FALSE,14,16
"25","627","39","627i","16-18","M",1.05,"LOI","M",NA,7.1,NA,FALSE,16,18
"25","627","39","627j","18-20","M",0.77,"LOI","M",NA,6.8,NA,FALSE,18,20
"25","627","39","627k","20-30","E",0.77,NA,"E",NA,6.8,NA,FALSE,20,30
"25","644","69","644a","0-2","M",1.25,"LOI","M",NA,11.9,NA,FALSE,0,2
"25","644","69","644b","2-4","M",0.83,"LOI","M",NA,14.9,NA,FALSE,2,4
"25","644","69","644c","4-6","M",1.03,"LOI","M",NA,10.3,NA,FALSE,4,6
"25","644","69","644d","6-8","M",0.88,"LOI","M",NA,11.2,NA,FALSE,6,8
"25","644","69","644e","8-10","M",1.08,"LOI","M",NA,13.3,NA,FALSE,8,10
"25","644","69","644f","10-12","M",0.94,"LOI","M",NA,11.8,NA,FALSE,10,12
"25","644","69","644g","12-14","M",1.16,"LOI","M",NA,12.4,NA,FALSE,12,14
"25","644","69","644h","14-16","M",0.97,"LOI","M",NA,10.6,NA,FALSE,14,16
"25","644","69","644i","16-18","M",1.04,"LOI","M",NA,12.2,NA,FALSE,16,18
"25","644","69","644j","18-20","M",1,"LOI","M",NA,10.5,NA,FALSE,18,20
"25","644","69","644k","20-30","E",1,NA,"E",NA,10.5,NA,FALSE,20,30
"25","645","70","645a","0-2","M",0.82,"LOI","M",NA,2.3,NA,FALSE,0,2
"25","645","70","645b","2-4","M",0.77,"LOI","M",NA,2.4,NA,FALSE,2,4
"25","645","70","645c","4-6","M",0.83,"LOI","M",NA,3,NA,FALSE,4,6
"25","645","70","645d","6-8","M",0.9,"LOI","M",NA,1.9,NA,FALSE,6,8
"25","645","70","645e","8-10","M",1.07,"LOI","M",NA,1.7,NA,FALSE,8,10
"25","645","70","645f","10-12","M",1.04,"LOI","M",NA,1.4,NA,FALSE,10,12
"25","645","70","645g","12-14","M",1.08,"LOI","M",NA,0.5,NA,FALSE,12,14
"25","645","70","645h","14-16","M",1.03,"LOI","M",NA,1.8,NA,FALSE,14,16
"25","645","70","645i","16-18","M",1.14,"LOI","M",NA,1.6,NA,FALSE,16,18
"25","645","70","645j","18-20","M",1.21,"LOI","M",NA,1.6,NA,FALSE,18,20
"25","645","70","645k","20-30","E",1.21,NA,"E",NA,1.6,NA,FALSE,20,30
"25","646","71","646a","0-2","M",1.07,"LOI","M",NA,11.8,NA,FALSE,0,2
"25","646","71","646b","2-4","M",0.87,"LOI","M",NA,5.2,NA,FALSE,2,4
"25","646","71","646c","4-6","M",0.97,"LOI","M",NA,19.9,NA,FALSE,4,6
"25","646","71","646d","6-8","M",1.09,"LOI","M",NA,9.7,NA,FALSE,6,8
"25","646","71","646e","8-10","M",1.12,"LOI","M",NA,10.8,NA,FALSE,8,10
"25","646","71","646f","10-12","M",1.06,"LOI","M",NA,9.3,NA,FALSE,10,12
"25","646","71","646g","12-14","M",1.13,"LOI","M",NA,7.4,NA,FALSE,12,14
"25","646","71","646h","14-16","M",1.15,"LOI","M",NA,9.1,NA,FALSE,14,16
"25","646","71","646i","16-18","M",1.09,"LOI","M",NA,10.8,NA,FALSE,16,18
"25","646","71","646j","18-20","M",1.16,"LOI","M",NA,13.1,NA,FALSE,18,20
"25","646","71","646k","20-30","E",1.16,NA,"E",NA,13.1,NA,FALSE,20,30
"25","647","72","647a","0-2","M",0.82,"LOI","M",NA,1.5,NA,FALSE,0,2
"25","647","72","647b","2-4","M",1.12,"LOI","M",NA,1.9,NA,FALSE,2,4
"25","647","72","647c","4-6","M",0.87,"LOI","M",NA,2,NA,FALSE,4,6
"25","647","72","647d","6-8","M",0.85,"LOI","M",NA,1.8,NA,FALSE,6,8
"25","647","72","647e","8-10","M",0.95,"LOI","M",NA,3.1,NA,FALSE,8,10
"25","647","72","647f","10-12","M",0.93,"LOI","M",NA,2.1,NA,FALSE,10,12
"25","647","72","647g","12-14","M",1.14,"LOI","M",NA,1.5,NA,FALSE,12,14
"25","647","72","647h","14-16","M",1.25,"LOI","M",NA,1.3,NA,FALSE,14,16
"25","647","72","647i","16-18","M",1.28,"LOI","M",NA,1.3,NA,FALSE,16,18
"25","647","72","647j","18-20","M",1.21,"LOI","M",NA,1.3,NA,FALSE,18,20
"25","647","72","647k","20-30","E",1.21,NA,"E",NA,1.3,NA,FALSE,20,30
"25","652","77","652a","0-2","M",0.79,"LOI","M",NA,23.3,NA,FALSE,0,2
"25","652","77","652b","2-4","M",0.85,"LOI","M",NA,24,NA,FALSE,2,4
"25","652","77","652c","4-6","M",0.86,"LOI","M",NA,4.2,NA,FALSE,4,6
"25","652","77","652d","6-8","M",1.07,"LOI","M",NA,1.6,NA,FALSE,6,8
"25","652","77","652e","8-10","M",0.96,"LOI","M",NA,12.4,NA,FALSE,8,10
"25","652","77","652f","10-12","M",1.02,"LOI","M",NA,8.7,NA,FALSE,10,12
"25","652","77","652g","12-14","M",1.12,NA,"I",NA,5.6,NA,FALSE,12,14
"25","652","77","652h","14-16","M",1.25,"LOI","M",NA,2.4,NA,FALSE,14,16
"25","652","77","652i","16-18","M",1.01,"LOI","M",NA,1.2,NA,FALSE,16,18
"25","652","77","652j","18-20","M",1.06,NA,"I",NA,1.2,NA,FALSE,18,20
"25","652","77","652k","20-30","E",1.06,NA,"E",NA,1.2,NA,FALSE,20,30
"25","653","78","653a","0-2","M",0.81,NA,"E",NA,1.4,NA,FALSE,0,2
"25","653","78","653b","2-4","M",1.11,"LOI","M",NA,1.4,NA,FALSE,2,4
"25","653","78","653c","4-6","M",1.05,"LOI","M",NA,1.1,NA,FALSE,4,6
"25","653","78","653d","6-8","M",1.14,"LOI","M",NA,1,NA,FALSE,6,8
"25","653","78","653e","8-10","M",1.17,"LOI","M",NA,1.1,NA,FALSE,8,10
"25","653","78","653f","10-12","M",1.08,"LOI","M",NA,1.1,NA,FALSE,10,12
"25","653","78","653g","12-14","M",1.1,"LOI","M",NA,0.9,NA,FALSE,12,14
"25","653","78","653h","14-16","M",1.09,"LOI","M",NA,1,NA,FALSE,14,16
"25","653","78","653i","16-18","M",1.14,"LOI","M",NA,1,NA,FALSE,16,18
"25","653","78","653j","18-20","M",0.96,"LOI","M",NA,1,NA,FALSE,18,20
"25","653","78","653k","20-30","E",0.96,NA,"E",NA,1,NA,FALSE,20,30
"18","655","PB-I5-Long","655a","0-5","M",1.48,"CHN",NA,"M",NA,0.6,FALSE,0,5
"18","655","PB-I5-Long","655b","5-10","M",1.34,"CHN",NA,"M",NA,0.7,FALSE,5,10
"18","655","PB-I5-Long","655c","10-12","M",1.39,"CHN",NA,"M",NA,0.8,FALSE,10,12
"18","655","PB-I5-Long","655d","12-14","M",1.43,"CHN",NA,"M",NA,0.8,FALSE,12,14
"18","655","PB-I5-Long","655e","14-16","M",1.49,"CHN",NA,"M",NA,0.8,FALSE,14,16
"18","655","PB-I5-Long","655f","16-18","M",1.51,"CHN",NA,"M",NA,1.4,FALSE,16,18
"18","655","PB-I5-Long","655g","18-20","M",1.41,"CHN",NA,"M",NA,0.5,FALSE,18,20
"18","655","PB-I5-Long","655h","20-25","M",1.54,"CHN",NA,"M",NA,0.6,FALSE,20,25
"18","655","PB-I5-Long","655i","25-30","M",1.51,"CHN",NA,"M",NA,0.5,FALSE,25,30
"18","655","PB-I5-Long","655j","30-35","M",1.3,"CHN",NA,"M",NA,0.9,FALSE,30,35
"18","655","PB-I5-Long","655k","35-40","M",1.4,"CHN",NA,"M",NA,0.7,FALSE,35,40
"18","655","PB-I5-Long","655l","40-45","M",1.5,"CHN",NA,"M",NA,0.6,FALSE,40,45
"18","655","PB-I5-Long","655m","45-50","M",1.49,"CHN",NA,"M",NA,0.8,FALSE,45,50
"18","656","PB-E1","656a","0-5","M",1.4,"CHN",NA,"M",NA,0.6,FALSE,0,5
"18","656","PB-E1","656b","5-10","M",1.47,"CHN",NA,"M",NA,0.6,FALSE,5,10
"18","656","PB-E1","656c","10-15","M",1.32,"CHN",NA,"M",NA,0.6,FALSE,10,15
"18","656","PB-E1","656d","15-20","M",1.51,"CHN",NA,"M",NA,0.6,FALSE,15,20
"18","656","PB-E1","656e","20-25","M",1.57,"CHN",NA,"M",NA,0.5,FALSE,20,25
"18","656","PB-E1","656f","25-27","M",1.57,"CHN",NA,"M",NA,0.4,FALSE,25,27
"18","656","PB-E1","656g","27-30","E",1.57,NA,"E",NA,NA,0.4,FALSE,27,30
"18","657","PB-E2","657a","0-5","M",1.58,"CHN",NA,"M",NA,0.3,FALSE,0,5
"18","657","PB-E2","657b","5-10","M",1.53,"CHN",NA,"M",NA,0.4,FALSE,5,10
"18","657","PB-E2","657c","10-15","M",1.69,"CHN",NA,"M",NA,0.5,FALSE,10,15
"18","657","PB-E2","657d","15-20","M",1.62,"CHN",NA,"M",NA,0.3,FALSE,15,20
"18","657","PB-E2","657e","20-24","M",1.52,"CHN",NA,"M",NA,0.3,FALSE,20,24
"18","657","PB-E2","657f","24-30","E",1.52,NA,"E",NA,NA,0.3,FALSE,24,30
"18","658","PB-E3","658a","0-5","M",1.5,"CHN",NA,"M",NA,0.4,FALSE,0,5
"18","658","PB-E3","658b","5-10","M",1.54,"CHN",NA,"M",NA,0.4,FALSE,5,10
"18","658","PB-E3","658c","10-15","M",1.37,"CHN",NA,"M",NA,0.6,FALSE,10,15
"18","658","PB-E3","658d","15-20","M",1.38,"CHN",NA,"M",NA,0.8,FALSE,15,20
"18","658","PB-E3","658e","20-25","M",1.38,"CHN",NA,"M",NA,0.7,FALSE,20,25
"18","658","PB-E3","658f","25-27.5","M",1.37,"CHN",NA,"M",NA,0.7,FALSE,25,27.5
"18","658","PB-E3","658g","27.5-30","E",1.37,NA,"E",NA,NA,0.7,FALSE,27.5,30
"18","659","PB-I4","659a","0-5","M",1.24,"CHN",NA,"M",NA,0.5,FALSE,0,5
"18","659","PB-I4","659b","5-10","M",1.38,"CHN",NA,"M",NA,0.6,FALSE,5,10
"18","659","PB-I4","659c","10-15","M",1.46,"CHN",NA,"M",NA,0.7,FALSE,10,15
"18","659","PB-I4","659d","15-20","M",1.49,"CHN",NA,"M",NA,0.8,FALSE,15,20
"18","659","PB-I4","659e","20-22","M",1.3,"CHN",NA,"M",NA,0.8,FALSE,20,22
"18","659","PB-I4","659f","22-30","E",1.3,NA,"E",NA,NA,0.8,FALSE,22,30
"18","660","PB-I5","660a","0-5","M",1.32,"CHN",NA,"M",NA,0.6,FALSE,0,5
"18","660","PB-I5","660b","5-10","M",1.43,"CHN",NA,"M",NA,0.7,FALSE,5,10
"18","660","PB-I5","660c","10-15","M",1.4,"CHN",NA,"M",NA,0.8,FALSE,10,15
"18","660","PB-I5","660d","15-20","M",1.52,"CHN",NA,"M",NA,0.7,FALSE,15,20
"18","660","PB-I5","660e","20-25","M",1.47,"CHN",NA,"M",NA,0.4,FALSE,20,25
"18","660","PB-I5","660f","25-30","E",1.47,NA,"E",NA,NA,0.4,FALSE,25,30
"18","661","PB-I6","661a","0-5","M",1.22,"CHN",NA,"M",NA,0.7,FALSE,0,5
"18","661","PB-I6","661b","5-10","M",1.49,"CHN",NA,"M",NA,0.5,FALSE,5,10
"18","661","PB-I6","661c","10-15","M",1.69,"CHN",NA,"M",NA,0.5,FALSE,10,15
"18","661","PB-I6","661d","15-20","M",1.63,"CHN",NA,"M",NA,0.4,FALSE,15,20
"18","661","PB-I6","661e","20-25","M",1.63,"CHN",NA,"M",NA,0.6,FALSE,20,25
"18","661","PB-I6","661f","25-30","E",1.63,NA,"E",NA,NA,0.6,FALSE,25,30
"18","665","KY-I5-Long","665a","0-5","M",1.38,"CHN",NA,"M",NA,0.3,FALSE,0,5
"18","665","KY-I5-Long","665b","5-10","M",1.3,"CHN",NA,"M",NA,0.1,FALSE,5,10
"18","665","KY-I5-Long","665c","10-12","M",1.48,"CHN",NA,"M",NA,0.2,FALSE,10,12
"18","665","KY-I5-Long","665d","12-14","M",1.49,"CHN",NA,"M",NA,0.1,FALSE,12,14
"18","665","KY-I5-Long","665e","14-16","M",1.2,"CHN",NA,"M",NA,0.2,FALSE,14,16
"18","665","KY-I5-Long","665f","16-18","M",1.4,"CHN",NA,"M",NA,0.2,FALSE,16,18
"18","665","KY-I5-Long","665g","18-20","M",1.35,"CHN",NA,"M",NA,0.4,FALSE,18,20
"18","665","KY-I5-Long","665h","20-25","M",1.27,"CHN",NA,"M",NA,0.2,FALSE,20,25
"18","665","KY-I5-Long","665i","25-30","M",1.42,"CHN",NA,"M",NA,0.1,FALSE,25,30
"18","665","KY-I5-Long","665j","30-35","M",1.37,"CHN",NA,"M",NA,0.1,FALSE,30,35
"18","665","KY-I5-Long","665k","35-40","M",1.44,"CHN",NA,"M",NA,0.1,FALSE,35,40
"18","665","KY-I5-Long","665l","40-45","M",1.47,"CHN",NA,"M",NA,0.1,FALSE,40,45
"18","665","KY-I5-Long","665m","45-50","M",1.48,"CHN",NA,"M",NA,0.5,FALSE,45,50
"18","666","KY-E1","666a","0-5","M",1.66,"CHN",NA,"M",NA,0.4,FALSE,0,5
"18","666","KY-E1","666b","5-10","M",1.77,"CHN",NA,"M",NA,0.4,FALSE,5,10
"18","666","KY-E1","666c","10-15","M",1.92,"CHN",NA,"M",NA,0.5,FALSE,10,15
"18","666","KY-E1","666d","15-20","M",1.75,"CHN",NA,"M",NA,0.2,FALSE,15,20
"18","666","KY-E1","666e","20-23","M",1.81,"CHN",NA,"M",NA,0.2,FALSE,20,23
"18","666","KY-E1","666f","23-30","E",1.81,NA,"E",NA,NA,0.2,FALSE,23,30
"18","667","KY-E2","667a","0-5","M",1.94,"CHN",NA,"M",NA,0.4,FALSE,0,5
"18","667","KY-E2","667b","5-10","M",1.91,"CHN",NA,"M",NA,0.2,FALSE,5,10
"18","667","KY-E2","667c","10-15","M",1.89,"CHN",NA,"M",NA,0.2,FALSE,10,15
"18","667","KY-E2","667d","15-20","M",1.92,"CHN",NA,"M",NA,0.4,FALSE,15,20
"18","667","KY-E2","667e","20-24.5","M",1.87,"CHN",NA,"M",NA,0.2,FALSE,20,24.5
"18","667","KY-E2","667f","24.5-30","E",1.87,NA,"E",NA,NA,0.2,FALSE,24.5,30
"18","668","KY-E3","668a","0-5","M",1.68,"CHN",NA,"M",NA,0.5,FALSE,0,5
"18","668","KY-E3","668b","5-10","M",1.93,"CHN",NA,"M",NA,0.2,FALSE,5,10
"18","668","KY-E3","668c","10-15","M",1.98,"CHN",NA,"M",NA,0.2,FALSE,10,15
"18","668","KY-E3","668d","15-20","M",1.85,"CHN",NA,"M",NA,0.2,FALSE,15,20
"18","668","KY-E3","668e","20-25","M",1.97,"CHN",NA,"M",NA,0.1,FALSE,20,25
"18","668","KY-E3","668f","25-30","E",1.97,NA,"E",NA,NA,0.1,FALSE,25,30
"18","669","KY-I4","669a","0-5","M",1.56,"CHN",NA,"M",NA,0.3,FALSE,0,5
"18","669","KY-I4","669b","5-10","M",1.55,"CHN",NA,"M",NA,0.4,FALSE,5,10
"18","669","KY-I4","669c","10-15","M",1.72,"CHN",NA,"M",NA,0.3,FALSE,10,15
"18","669","KY-I4","669d","15-20","M",1.72,"CHN",NA,"M",NA,0.3,FALSE,15,20
"18","669","KY-I4","669e","20-25","M",1.71,"CHN",NA,"M",NA,0.3,FALSE,20,25
"18","669","KY-I4","669f","25-30","E",1.71,NA,"E",NA,NA,0.3,FALSE,25,30
"18","670","KY-I5","670a","0-5","M",1.88,"CHN",NA,"M",NA,0.2,FALSE,0,5
"18","670","KY-I5","670b","5-10","M",1.88,"CHN",NA,"M",NA,0.3,FALSE,5,10
"18","670","KY-I5","670c","10-15","M",1.91,"CHN",NA,"M",NA,0.4,FALSE,10,15
"18","670","KY-I5","670d","15-20","M",1.97,"CHN",NA,"M",NA,0.8,FALSE,15,20
"18","670","KY-I5","670e","20-25","M",1.55,"CHN",NA,"M",NA,1.7,FALSE,20,25
"18","670","KY-I5","670f","25-30","M",1.87,"CHN",NA,"M",NA,1.2,FALSE,25,30
"18","671","KY-I6","671a","0-5","M",1.69,"CHN",NA,"M",NA,0.3,FALSE,0,5
"18","671","KY-I6","671b","5-10","M",1.58,"CHN",NA,"M",NA,0.4,FALSE,5,10
"18","671","KY-I6","671c","10-15","M",1.56,"CHN",NA,"M",NA,0.3,FALSE,10,15
"18","671","KY-I6","671d","15-20","M",1.39,"CHN",NA,"M",NA,0.5,FALSE,15,20
"18","671","KY-I6","671e","20-25","M",1.61,"CHN",NA,"M",NA,0.4,FALSE,20,25
"18","671","KY-I6","671f","25-30","M",1.53,"CHN",NA,"M",NA,0.2,FALSE,25,30
"18","675","TB-I5-Long","675a","0-5","M",1.27,"CHN",NA,"M",NA,0.9,FALSE,0,5
"18","675","TB-I5-Long","675b","5-10","M",1.18,"CHN",NA,"M",NA,1,FALSE,5,10
"18","675","TB-I5-Long","675c","10-12","M",1.21,"CHN",NA,"M",NA,1.2,FALSE,10,12
"18","675","TB-I5-Long","675d","12-14","M",1.2,"CHN",NA,"M",NA,1.3,FALSE,12,14
"18","675","TB-I5-Long","675e","14-16","M",1.19,"CHN",NA,"M",NA,1,FALSE,14,16
"18","675","TB-I5-Long","675f","16-18","M",1.25,"CHN",NA,"M",NA,0.9,FALSE,16,18
"18","675","TB-I5-Long","675g","18-20","M",1.28,"CHN",NA,"M",NA,0.9,FALSE,18,20
"18","675","TB-I5-Long","675h","20-25","M",1.23,"CHN",NA,"M",NA,0.7,FALSE,20,25
"18","675","TB-I5-Long","675i","25-30","M",1.3,"CHN",NA,"M",NA,0.7,FALSE,25,30
"18","675","TB-I5-Long","675j","30-35","M",1.32,"CHN",NA,"M",NA,0.7,FALSE,30,35
"18","675","TB-I5-Long","675k","35-40","M",1.19,"CHN",NA,"M",NA,0.6,FALSE,35,40
"18","675","TB-I5-Long","675l","40-45","M",1.36,"CHN",NA,"M",NA,0.7,FALSE,40,45
"18","675","TB-I5-Long","675m","45-50","M",1.21,"CHN",NA,"M",NA,0.8,FALSE,45,50
"18","676","TB-E1","676a","0-5","M",1.16,"CHN",NA,"M",NA,0.6,FALSE,0,5
"18","676","TB-E1","676b","5-10","M",1.12,"CHN",NA,"M",NA,0.7,FALSE,5,10
"18","676","TB-E1","676c","10-15","M",1.08,"CHN",NA,"M",NA,0.9,FALSE,10,15
"18","676","TB-E1","676d","15-20","M",1.09,"CHN",NA,"M",NA,1,FALSE,15,20
"18","676","TB-E1","676e","20-25","M",1.17,"CHN",NA,"M",NA,0.6,FALSE,20,25
"18","676","TB-E1","676f","25-30","M",1.14,"CHN",NA,"M",NA,0.7,FALSE,25,30
"18","677","TB-E2","677a","0-5","M",0.98,"CHN",NA,"M",NA,0.4,FALSE,0,5
"18","677","TB-E2","677b","5-10","M",1.12,"CHN",NA,"M",NA,0.4,FALSE,5,10
"18","677","TB-E2","677c","10-15","M",1.05,"CHN",NA,"M",NA,0.3,FALSE,10,15
"18","677","TB-E2","677d","15-20","M",1.08,"CHN",NA,"M",NA,0.3,FALSE,15,20
"18","677","TB-E2","677e","20-25","M",1.06,"CHN",NA,"M",NA,0.4,FALSE,20,25
"18","677","TB-E2","677f","25-30","M",1.08,"CHN",NA,"M",NA,0.3,FALSE,25,30
"18","678","TB-E3","678a","0-5","M",1.14,"CHN",NA,"M",NA,0.3,FALSE,0,5
"18","678","TB-E3","678b","5-10","M",1.16,"CHN",NA,"M",NA,0.4,FALSE,5,10
"18","678","TB-E3","678c","10-15","M",1.21,"CHN",NA,"M",NA,0.2,FALSE,10,15
"18","678","TB-E3","678d","15-20","M",1.25,"CHN",NA,"M",NA,0.4,FALSE,15,20
"18","678","TB-E3","678e","20-25","M",1.23,"CHN",NA,"M",NA,0.3,FALSE,20,25
"18","678","TB-E3","678f","25-30","M",1.18,"CHN",NA,"M",NA,0.2,FALSE,25,30
"18","679","TB-I4","679a","0-5","M",1.16,"CHN",NA,"M",NA,0.7,FALSE,0,5
"18","679","TB-I4","679b","5-10","M",1.18,"CHN",NA,"M",NA,1.5,FALSE,5,10
"18","679","TB-I4","679c","10-15","M",1.15,"CHN",NA,"M",NA,0.7,FALSE,10,15
"18","679","TB-I4","679d","15-20","M",1.25,"CHN",NA,"M",NA,1.2,FALSE,15,20
"18","679","TB-I4","679e","20-25","M",1.22,"CHN",NA,"M",NA,0.7,FALSE,20,25
"18","679","TB-I4","679f","25-29","M",1.32,"CHN",NA,"M",NA,1,FALSE,25,29
"18","679","TB-I4","679g","29-30","E",1.32,NA,"E",NA,NA,1,FALSE,29,30
"18","680","TB-I5","680a","0-5","M",1.1,"CHN",NA,"M",NA,1,FALSE,0,5
"18","680","TB-I5","680b","5-10","M",1.28,"CHN",NA,"M",NA,1.2,FALSE,5,10
"18","680","TB-I5","680c","10-15","M",1.18,"CHN",NA,"M",NA,1.5,FALSE,10,15
"18","680","TB-I5","680d","15-20","M",1.29,"CHN",NA,"M",NA,1.4,FALSE,15,20
"18","680","TB-I5","680e","20-25","M",1.35,"CHN",NA,"M",NA,1.1,FALSE,20,25
"18","680","TB-I5","680f","25-30","M",1.32,"CHN",NA,"M",NA,1,FALSE,25,30
"18","681","TB-I6","681a","0-5","M",1.29,"CHN",NA,"M",NA,0.6,FALSE,0,5
"18","681","TB-I6","681b","5-10","M",1.27,"CHN",NA,"M",NA,0.6,FALSE,5,10
"18","681","TB-I6","681c","10-15","M",1.33,"CHN",NA,"M",NA,0.7,FALSE,10,15
"18","681","TB-I6","681d","15-20","M",1.46,"CHN",NA,"M",NA,0.5,FALSE,15,20
"18","681","TB-I6","681e","20-25","M",1.48,"CHN",NA,"M",NA,0.5,FALSE,20,25
"18","681","TB-I6","681f","25-30","M",1.45,"CHN",NA,"M",NA,0.6,FALSE,25,30
"18","685","MC-I5-Long","685a","0-5","M",1.22,"CHN",NA,"M",NA,0.9,FALSE,0,5
"18","685","MC-I5-Long","685b","5-10","M",1.35,"CHN",NA,"M",NA,0.7,FALSE,5,10
"18","685","MC-I5-Long","685c","10-12","M",1.16,"CHN",NA,"M",NA,0.6,FALSE,10,12
"18","685","MC-I5-Long","685d","12-14","M",1.34,"CHN",NA,"M",NA,0.5,FALSE,12,14
"18","685","MC-I5-Long","685e","14-16","M",1.4,"CHN",NA,"M",NA,0.6,FALSE,14,16
"18","685","MC-I5-Long","685f","16-18","M",1.34,"CHN",NA,"M",NA,0.6,FALSE,16,18
"18","685","MC-I5-Long","685g","18-20","M",1.27,"CHN",NA,"M",NA,0.6,FALSE,18,20
"18","685","MC-I5-Long","685h","20-25","M",1.4,"CHN",NA,"M",NA,0.6,FALSE,20,25
"18","685","MC-I5-Long","685i","25-30","M",1.46,"CHN",NA,"M",NA,0.2,FALSE,25,30
"18","685","MC-I5-Long","685j","30-35","M",1.48,"CHN",NA,"M",NA,0.3,FALSE,30,35
"18","685","MC-I5-Long","685k","35-40","M",1.37,"CHN",NA,"M",NA,1,FALSE,35,40
"18","685","MC-I5-Long","685l","40-45","M",1.46,"CHN",NA,"M",NA,0.4,FALSE,40,45
"18","685","MC-I5-Long","685m","45-50","M",1.48,"CHN",NA,"M",NA,1.3,FALSE,45,50
"18","685","MC-I5-Long","685n","50-55","M",1.46,"CHN",NA,"M",NA,0.3,FALSE,50,55
"18","685","MC-I5-Long","685o","55-60","M",1.56,"CHN",NA,"M",NA,0.3,FALSE,55,60
"18","685","MC-I5-Long","685p","60-65","M",1.45,"CHN",NA,"M",NA,0.3,FALSE,60,65
"18","685","MC-I5-Long","685q","65-69","M",1.37,"CHN",NA,"M",NA,0.2,FALSE,65,69
"18","686","MC-E1","686a","0-5","M",1.84,"CHN",NA,"M",NA,0.9,FALSE,0,5
"18","686","MC-E1","686b","5-10","M",1.82,"CHN",NA,"M",NA,0.8,FALSE,5,10
"18","686","MC-E1","686c","10-15","M",1.81,"CHN",NA,"M",NA,0.9,FALSE,10,15
"18","686","MC-E1","686d","15-20","M",1.82,"CHN",NA,"M",NA,0.5,FALSE,15,20
"18","686","MC-E1","686e","20-25","M",1.75,"CHN",NA,"M",NA,0.6,FALSE,20,25
"18","686","MC-E1","686f","25-28.5","M",1.65,"CHN",NA,"M",NA,0.4,FALSE,25,28.5
"18","686","MC-E1","686g","28.5-30","E",1.65,NA,"E",NA,NA,0.4,FALSE,28.5,30
"18","687","MC-E2","687a","0-5","M",1.53,"CHN",NA,"M",NA,1,FALSE,0,5
"18","687","MC-E2","687b","5-10","M",1.42,"CHN",NA,"M",NA,0.9,FALSE,5,10
"18","687","MC-E2","687c","10-15","M",1.61,"CHN",NA,"M",NA,0.9,FALSE,10,15
"18","687","MC-E2","687d","15-20","M",1.65,"CHN",NA,"M",NA,0.5,FALSE,15,20
"18","687","MC-E2","687e","20-25","M",1.71,"CHN",NA,"M",NA,0.5,FALSE,20,25
"18","687","MC-E2","687f","25-30","M",1.63,"CHN",NA,"M",NA,0.6,FALSE,25,30
"18","688","MC-E3","688a","0-5","M",1.63,"CHN",NA,"M",NA,1.3,FALSE,0,5
"18","688","MC-E3","688b","5-10","M",1.59,"CHN",NA,"M",NA,2,FALSE,5,10
"18","688","MC-E3","688c","10-15","M",1.63,"CHN",NA,"M",NA,1.1,FALSE,10,15
"18","688","MC-E3","688d","15-20","M",1.83,"CHN",NA,"M",NA,0.5,FALSE,15,20
"18","688","MC-E3","688e","20-30","E",1.83,NA,"E",NA,NA,0.5,FALSE,20,30
"18","689","MC-I4","689a","0-5","M",1.6,"CHN",NA,"M",NA,0.6,FALSE,0,5
"18","689","MC-I4","689b","5-10","M",1.55,"CHN",NA,"M",NA,2.6,FALSE,5,10
"18","689","MC-I4","689c","10-15","M",1.63,"CHN",NA,"M",NA,2,FALSE,10,15
"18","689","MC-I4","689d","15-20","M",1.67,"CHN",NA,"M",NA,1.3,FALSE,15,20
"18","689","MC-I4","689e","20-25","M",1.76,"CHN",NA,"M",NA,0.5,FALSE,20,25
"18","689","MC-I4","689f","25-28","M",1.58,"CHN",NA,"M",NA,0.6,FALSE,25,28
"18","689","MC-I4","689g","28-30","E",1.58,NA,"E",NA,NA,0.6,FALSE,28,30
"18","690","MC-I5","690a","0-5","M",1.54,"CHN",NA,"M",NA,0.9,FALSE,0,5
"18","690","MC-I5","690b","5-10","M",1.56,"CHN",NA,"M",NA,0.9,FALSE,5,10
"18","690","MC-I5","690c","10-15","M",1.53,"CHN",NA,"M",NA,0.5,FALSE,10,15
"18","690","MC-I5","690d","15-20","M",1.6,"CHN",NA,"M",NA,0.6,FALSE,15,20
"18","690","MC-I5","690e","20-25","M",1.54,"CHN",NA,"M",NA,0.7,FALSE,20,25
"18","690","MC-I5","690f","25-30","E",1.54,NA,"E",NA,NA,0.7,FALSE,25,30
"18","691","MC-I6","691a","0-5","M",1.57,"CHN",NA,"M",NA,0.3,FALSE,0,5
"18","691","MC-I6","691b","5-10","M",1.52,"CHN",NA,"M",NA,0.4,FALSE,5,10
"18","691","MC-I6","691c","10-15","M",1.48,"CHN",NA,"M",NA,0.2,FALSE,10,15
"18","691","MC-I6","691d","15-20","M",1.6,"CHN",NA,"M",NA,0.1,FALSE,15,20
"18","691","MC-I6","691e","20-25","M",1.57,"CHN",NA,"M",NA,0.2,FALSE,20,25
"18","691","MC-I6","691f","25-30","E",1.57,NA,"E",NA,NA,0.2,FALSE,25,30
"18","695","GS-I5-Long","695a","0-5","M",1.35,"CHN",NA,"M",NA,0.2,FALSE,0,5
"18","695","GS-I5-Long","695b","5-10","M",1.34,"CHN",NA,"M",NA,0.2,FALSE,5,10
"18","695","GS-I5-Long","695c","10-12","M",1.33,"CHN",NA,"M",NA,0.2,FALSE,10,12
"18","695","GS-I5-Long","695d","12-14","M",1.28,"CHN",NA,"M",NA,0.2,FALSE,12,14
"18","695","GS-I5-Long","695e","14-16","M",1.37,"CHN",NA,"M",NA,0.2,FALSE,14,16
"18","695","GS-I5-Long","695f","16-18","M",1.43,"CHN",NA,"M",NA,0.3,FALSE,16,18
"18","695","GS-I5-Long","695g","18-20","M",1.34,"CHN",NA,"M",NA,0.3,FALSE,18,20
"18","695","GS-I5-Long","695h","20-25","M",1.24,"CHN",NA,"M",NA,0.2,FALSE,20,25
"18","695","GS-I5-Long","695i","25-30","M",1.31,"CHN",NA,"M",NA,0.2,FALSE,25,30
"18","695","GS-I5-Long","695j","30-35","M",1.47,"CHN",NA,"M",NA,0.2,FALSE,30,35
"18","695","GS-I5-Long","695k","35-40","M",1.5,"CHN",NA,"M",NA,0.4,FALSE,35,40
"18","695","GS-I5-Long","695l","40-45","M",1.51,"CHN",NA,"M",NA,0.5,FALSE,40,45
"18","695","GS-I5-Long","695m","45-50","M",1.45,"CHN",NA,"M",NA,0.2,FALSE,45,50
"18","695","GS-I5-Long","695n","50-55","M",1.41,"CHN",NA,"M",NA,0.1,FALSE,50,55
"18","695","GS-I5-Long","695o","55-60","M",1.44,"CHN",NA,"M",NA,0.3,FALSE,55,60
"18","695","GS-I5-Long","695p","60-65","M",1.19,"CHN",NA,"M",NA,0.1,FALSE,60,65
"18","695","GS-I5-Long","695q","65-70","M",1.29,"CHN",NA,"M",NA,0.1,FALSE,65,70
"18","695","GS-I5-Long","695r","70-75","M",1.33,"CHN",NA,"M",NA,0.1,FALSE,70,75
"18","695","GS-I5-Long","695s","75-80","M",1.36,"CHN",NA,"M",NA,0.1,FALSE,75,80
"18","695","GS-I5-Long","695t","80-100","E",1.36,NA,"E",NA,NA,0.1,FALSE,80,100
"18","696","GS-E1","696a","0-5","M",1.16,"CHN",NA,"M",NA,0.3,FALSE,0,5
"18","696","GS-E1","696b","5-10","M",1.22,"CHN",NA,"M",NA,0.4,FALSE,5,10
"18","696","GS-E1","696c","10-15","M",1.25,"CHN",NA,"M",NA,0.1,FALSE,10,15
"18","696","GS-E1","696d","15-20","M",1.15,"CHN",NA,"M",NA,0.2,FALSE,15,20
"18","696","GS-E1","696e","20-25","M",1.14,"CHN",NA,"M",NA,0.2,FALSE,20,25
"18","696","GS-E1","696f","25-30","E",1.14,NA,"E",NA,NA,0.2,FALSE,25,30
"18","697","GS-E2","697a","0-5","M",1.1,"CHN",NA,"M",NA,0.3,FALSE,0,5
"18","697","GS-E2","697b","5-10","M",1.14,"CHN",NA,"M",NA,0.3,FALSE,5,10
"18","697","GS-E2","697c","10-15","M",1.15,"CHN",NA,"M",NA,0.4,FALSE,10,15
"18","697","GS-E2","697d","15-20","M",1.05,"CHN",NA,"M",NA,0.4,FALSE,15,20
"18","697","GS-E2","697e","20-25","M",1.16,"CHN",NA,"M",NA,0.3,FALSE,20,25
"18","697","GS-E2","697f","25-30","M",1.17,"CHN",NA,"M",NA,0.3,FALSE,25,30
"18","698","GS-E3","698a","0-5","M",1.42,"CHN",NA,"M",NA,0.2,FALSE,0,5
"18","698","GS-E3","698b","5-10","M",1.51,"CHN",NA,"M",NA,0,FALSE,5,10
"18","698","GS-E3","698c","10-15","M",1.3,"CHN",NA,"M",NA,0.2,FALSE,10,15
"18","698","GS-E3","698d","15-20","M",1.26,"CHN",NA,"M",NA,0.3,FALSE,15,20
"18","698","GS-E3","698e","20-25","M",1.37,"CHN",NA,"M",NA,0.2,FALSE,20,25
"18","698","GS-E3","698f","25-30","M",1.3,"CHN",NA,"M",NA,0.4,FALSE,25,30
"18","699","GS-I4","699a","0-5","M",1.36,"CHN",NA,"M",NA,0.2,FALSE,0,5
"18","699","GS-I4","699b","5-10","M",1.4,"CHN",NA,"M",NA,0.4,FALSE,5,10
"18","699","GS-I4","699c","10-15","M",1.35,"CHN",NA,"M",NA,0.3,FALSE,10,15
"18","699","GS-I4","699d","15-20","M",1.49,"CHN",NA,"M",NA,0.2,FALSE,15,20
"18","699","GS-I4","699e","20-25","M",1.3,"CHN",NA,"M",NA,0.2,FALSE,20,25
"18","699","GS-I4","699f","25-27","M",1.21,"CHN",NA,"M",NA,0.3,FALSE,25,27
"18","699","GS-I4","699g","27-30","E",1.21,NA,"E",NA,NA,0.3,FALSE,27,30
"18","700","GS-I5","700a","0-5","M",1.29,"CHN",NA,"M",NA,0.2,FALSE,0,5
"18","700","GS-I5","700b","5-10","M",1.35,"CHN",NA,"M",NA,0.2,FALSE,5,10
"18","700","GS-I5","700c","10-15","M",1.47,"CHN",NA,"M",NA,0.3,FALSE,10,15
"18","700","GS-I5","700d","15-20","M",1.35,"CHN",NA,"M",NA,0.2,FALSE,15,20
"18","700","GS-I5","700e","20-25","M",1.43,"CHN",NA,"M",NA,0.2,FALSE,20,25
"18","700","GS-I5","700f","25-30","M",1.45,"CHN",NA,"M",NA,0.2,FALSE,25,30
"18","701","GS-I6","701a","0-5","M",1.2,"CHN",NA,"M",NA,0.3,FALSE,0,5
"18","701","GS-I6","701b","5-10","M",1.3,"CHN",NA,"M",NA,0.2,FALSE,5,10
"18","701","GS-I6","701c","10-15","M",1.27,"CHN",NA,"M",NA,0.5,FALSE,10,15
"18","701","GS-I6","701d","15-20","M",1.33,"CHN",NA,"M",NA,0.4,FALSE,15,20
"18","701","GS-I6","701e","20-25","M",1.29,"CHN",NA,"M",NA,0,FALSE,20,25
"18","701","GS-I6","701f","25-30","M",1.29,"CHN",NA,"M",NA,0.2,FALSE,25,30
"18","705","CP-I5-Long","705a","0-5","M",1.29,"CHN",NA,"M",NA,0,FALSE,0,5
"18","705","CP-I5-Long","705b","5-10","M",1.27,"CHN",NA,"M",NA,0.2,FALSE,5,10
"18","705","CP-I5-Long","705c","10-12","M",1.31,"CHN",NA,"M",NA,0.2,FALSE,10,12
"18","705","CP-I5-Long","705d","12-14","M",1.24,"CHN",NA,"M",NA,0,FALSE,12,14
"18","705","CP-I5-Long","705e","14-16","M",1.37,"CHN",NA,"M",NA,0,FALSE,14,16
"18","705","CP-I5-Long","705f","16-18","M",1.31,"CHN",NA,"M",NA,0.2,FALSE,16,18
"18","705","CP-I5-Long","705g","18-20","M",1.17,"CHN",NA,"M",NA,0.1,FALSE,18,20
"18","705","CP-I5-Long","705h","20-25","M",1.28,"CHN",NA,"M",NA,0.3,FALSE,20,25
"18","705","CP-I5-Long","705i","25-30","M",1.3,"CHN",NA,"M",NA,0.3,FALSE,25,30
"18","705","CP-I5-Long","705j","30-35","M",1.16,"CHN",NA,"M",NA,0.1,FALSE,30,35
"18","705","CP-I5-Long","705k","35-40","M",1.24,"CHN",NA,"M",NA,0.2,FALSE,35,40
"18","705","CP-I5-Long","705l","40-45","M",1.2,"CHN",NA,"M",NA,0.2,FALSE,40,45
"18","705","CP-I5-Long","705m","45-50","M",1.18,"CHN",NA,"M",NA,0.5,FALSE,45,50
"18","705","CP-I5-Long","705n","50-55","M",1.06,"CHN",NA,"M",NA,0.8,FALSE,50,55
"18","705","CP-I5-Long","705o","55-60","M",1.38,"CHN",NA,"M",NA,0.2,FALSE,55,60
"18","705","CP-I5-Long","705p","60-65","M",1.4,"CHN",NA,"M",NA,0.2,FALSE,60,65
"18","705","CP-I5-Long","705q","65-70","M",1.42,"CHN",NA,"M",NA,0.4,FALSE,65,70
"18","705","CP-I5-Long","705r","70-75","M",1.44,"CHN",NA,"M",NA,0.6,FALSE,70,75
"18","705","CP-I5-Long","705s","75-80","M",1.43,"CHN",NA,"M",NA,0.1,FALSE,75,80
"18","705","CP-I5-Long","705t","80-83","M",1.4,"CHN",NA,"M",NA,0.2,FALSE,80,83
"18","705","CP-I5-Long","705u","83-100","E",1.4,NA,"E",NA,NA,0.2,FALSE,83,100
"18","706","CP-E1","706a","0-5","M",1.79,"CHN",NA,"M",NA,0.2,FALSE,0,5
"18","706","CP-E1","706b","5-10","M",1.64,"CHN",NA,"M",NA,0.2,FALSE,5,10
"18","706","CP-E1","706c","10-15","M",1.83,"CHN",NA,"M",NA,0,FALSE,10,15
"18","706","CP-E1","706d","15-20","M",1.92,"CHN",NA,"M",NA,0.2,FALSE,15,20
"18","706","CP-E1","706e","20-25","M",1.78,"CHN",NA,"M",NA,0.2,FALSE,20,25
"18","706","CP-E1","706f","25-28","M",1.83,"CHN",NA,"M",NA,0.1,FALSE,25,28
"18","706","CP-E1","706g","28-30","E",1.83,NA,"E",NA,NA,0.1,FALSE,28,30
"18","707","CP-E2","707a","0-5","M",1.55,"CHN",NA,"M",NA,0.1,FALSE,0,5
"18","707","CP-E2","707b","5-10","M",1.69,"CHN",NA,"M",NA,0.2,FALSE,5,10
"18","707","CP-E2","707c","10-15","M",1.78,"CHN",NA,"M",NA,0.2,FALSE,10,15
"18","707","CP-E2","707d","15-20","M",1.57,"CHN",NA,"M",NA,0.1,FALSE,15,20
"18","707","CP-E2","707e","20-25","M",1.8,"CHN",NA,"M",NA,0.2,FALSE,20,25
"18","707","CP-E2","707f","25-30","M",1.58,"CHN",NA,"M",NA,0.2,FALSE,25,30
"18","708","CP-E3","708a","0-5","M",1.57,"CHN",NA,"M",NA,0.2,FALSE,0,5
"18","708","CP-E3","708b","5-10","M",1.52,"CHN",NA,"M",NA,0.2,FALSE,5,10
"18","708","CP-E3","708c","10-15","M",1.72,"CHN",NA,"M",NA,0.3,FALSE,10,15
"18","708","CP-E3","708d","15-20","M",1.59,"CHN",NA,"M",NA,0.1,FALSE,15,20
"18","708","CP-E3","708e","20-25","M",1.57,"CHN",NA,"M",NA,0.1,FALSE,20,25
"18","708","CP-E3","708f","25-30","M",1.51,"CHN",NA,"M",NA,0.1,FALSE,25,30
"18","709","CP-I4","709a","0-5","M",1.62,"CHN",NA,"M",NA,0.2,FALSE,0,5
"18","709","CP-I4","709b","5-10","M",1.82,"CHN",NA,"M",NA,0.2,FALSE,5,10
"18","709","CP-I4","709c","10-15","M",1.82,"CHN",NA,"M",NA,0.1,FALSE,10,15
"18","709","CP-I4","709d","15-20","M",1.67,"CHN",NA,"M",NA,0.2,FALSE,15,20
"18","709","CP-I4","709e","20-25","M",1.66,"CHN",NA,"M",NA,0.2,FALSE,20,25
"18","709","CP-I4","709f","25-29","M",1.7,"CHN",NA,"M",NA,0.1,FALSE,25,29
"18","709","CP-I4","709g","29-30","E",1.7,NA,"E",NA,NA,0.1,FALSE,29,30
"18","710","CP-I5","710a","0-5","M",1.66,"CHN",NA,"M",NA,0.2,FALSE,0,5
"18","710","CP-I5","710b","5-10","M",1.73,"CHN",NA,"M",NA,0.2,FALSE,5,10
"18","710","CP-I5","710c","10-15","M",1.73,"CHN",NA,"M",NA,0.2,FALSE,10,15
"18","710","CP-I5","710d","15-20","M",1.82,"CHN",NA,"M",NA,0.1,FALSE,15,20
"18","710","CP-I5","710e","20-25","M",1.64,"CHN",NA,"M",NA,0.1,FALSE,20,25
"18","710","CP-I5","710f","25-30","E",1.64,NA,"E",NA,NA,0.1,FALSE,25,30
"18","711","CP-I6","711a","0-5","M",1.67,"CHN",NA,"M",NA,0.2,FALSE,0,5
"18","711","CP-I6","711b","5-10","M",1.61,"CHN",NA,"M",NA,0.2,FALSE,5,10
"18","711","CP-I6","711c","10-15","M",1.65,"CHN",NA,"M",NA,0.2,FALSE,10,15
"18","711","CP-I6","711d","15-20","M",1.66,"CHN",NA,"M",NA,0.2,FALSE,15,20
"18","711","CP-I6","711e","20-25","M",1.64,"CHN",NA,"M",NA,0.2,FALSE,20,25
"18","711","CP-I6","711f","25-29.5","M",1.57,"CHN",NA,"M",NA,0.1,FALSE,25,29.5
"18","711","CP-I6","711g","29.5-30","E",1.57,NA,"E",NA,NA,0.1,FALSE,29.5,30
"7","720","BC-1","720a","0-5","M",1.38,"LOI","M",NA,2.3,NA,FALSE,0,5
"7","720","BC-1","720b","5-10","M",1.37,"LOI","M",NA,1.8,NA,FALSE,5,10
"7","720","BC-1","720c","10-15","M",1.32,"LOI","M",NA,1.8,NA,FALSE,10,15
"7","720","BC-1","720d","15-20","M",1.39,"LOI","M",NA,1.8,NA,FALSE,15,20
"7","720","BC-1","720e","20-25","M",1.28,"LOI","M",NA,1.6,NA,FALSE,20,25
"7","720","BC-1","720f","25-30","E",1.28,NA,"E",NA,1.6,NA,FALSE,25,30
"7","721","BC-2","721a","0-5","M",1.38,"LOI","M",NA,2.4,NA,FALSE,0,5
"7","721","BC-2","721b","5-10","M",1.38,"LOI","M",NA,1.8,NA,FALSE,5,10
"7","721","BC-2","721c","10-15","M",1.28,"LOI","M",NA,1.7,NA,FALSE,10,15
"7","721","BC-2","721d","15-20","M",1.27,"LOI","M",NA,1.6,NA,FALSE,15,20
"7","721","BC-2","721e","20-25","M",1.37,"LOI","M",NA,1.4,NA,FALSE,20,25
"7","721","BC-2","721f","25-30","E",1.37,NA,"E",NA,1.4,NA,FALSE,25,30
"7","722","BC-3","722a","0-5","M",1.27,"LOI","M",NA,1.8,NA,FALSE,0,5
"7","722","BC-3","722b","5-10","M",1.29,"LOI","M",NA,1.6,NA,FALSE,5,10
"7","722","BC-3","722c","10-15","M",1.3,"LOI","M",NA,1.5,NA,FALSE,10,15
"7","722","BC-3","722d","15-20","M",1.31,"LOI","M",NA,1.2,NA,FALSE,15,20
"7","722","BC-3","722e","20-25","M",1.24,"LOI","M",NA,1.2,NA,FALSE,20,25
"7","722","BC-3","722f","25-30","E",1.24,NA,"E",NA,1.2,NA,FALSE,25,30
"7","723","PR-1","723a","0-5","M",1.42,"LOI","M",NA,1.3,NA,FALSE,0,5
"7","723","PR-1","723b","5-10","M",1.45,"LOI","M",NA,1,NA,FALSE,5,10
"7","723","PR-1","723c","10-15","M",1.45,"LOI","M",NA,0.9,NA,FALSE,10,15
"7","723","PR-1","723d","15-20","M",1.52,"LOI","M",NA,1.1,NA,FALSE,15,20
"7","723","PR-1","723e","20-25","M",1.49,"LOI","M",NA,1.4,NA,FALSE,20,25
"7","723","PR-1","723f","25-30","E",1.49,NA,"E",NA,1.4,NA,FALSE,25,30
"7","724","PR-2","724a","0-5","M",1.1,"LOI","M",NA,0.8,NA,FALSE,0,5
"7","724","PR-2","724b","5-10","M",1.46,"LOI","M",NA,0.7,NA,FALSE,5,10
"7","724","PR-2","724c","10-15","M",1.48,"LOI","M",NA,0.8,NA,FALSE,10,15
"7","724","PR-2","724d","15-20","M",0.74,"LOI","M",NA,0.9,NA,FALSE,15,20
"7","724","PR-2","724f","20-30","E",0.74,NA,"E",NA,0.9,NA,FALSE,20,30
"7","725","PR-3","725a","0-5","M",1.25,"LOI","M",NA,0.8,NA,FALSE,0,5
"7","725","PR-3","725b","5-10","M",1.44,"LOI","M",NA,1,NA,FALSE,5,10
"7","725","PR-3","725c","10-15","M",1.45,"LOI","M",NA,0.8,NA,FALSE,10,15
"7","725","PR-3","725d","15-20","M",1.44,"LOI","M",NA,0.8,NA,FALSE,15,20
"7","725","PR-3","725e","20-25","M",1.5,NA,"M",NA,0.8,NA,FALSE,20,25
"7","725","PR-3","725f","25-30","E",1.5,NA,"E",NA,0.8,NA,FALSE,25,30
"7","726","OR-1","726a","0-5","M",2.09,"LOI","M",NA,2.9,NA,FALSE,0,5
"7","726","OR-1","726b","5-10","M",2.06,"LOI","M",NA,2.3,NA,FALSE,5,10
"7","726","OR-1","726c","10-15","M",1.95,"LOI","M",NA,3.1,NA,FALSE,10,15
"7","726","OR-1","726d","15-20","M",2.06,"LOI","M",NA,3,NA,FALSE,15,20
"7","726","OR-1","726e","20-25","M",2.02,"LOI","M",NA,3.7,NA,FALSE,20,25
"7","726","OR-1","726f","25-30","E",2.02,NA,"E",NA,3.7,NA,FALSE,25,30
"7","727","OR-2","727a","0-5","M",2.09,"LOI","E",NA,3.4,NA,FALSE,0,5
"7","727","OR-2","727b","5-10","M",2.07,"LOI","M",NA,3.4,NA,FALSE,5,10
"7","727","OR-2","727c","10-15","M",2.05,"LOI","M",NA,5.4,NA,FALSE,10,15
"7","727","OR-2","727d","15-20","M",2.1,"LOI","M",NA,2.2,NA,FALSE,15,20
"7","727","OR-2","727e","20-25","M",2.15,"LOI","M",NA,2.9,NA,FALSE,20,25
"7","726","OR-2","726f","25-30","E",2.15,NA,"E",NA,2.9,NA,FALSE,25,30
"7","728","OR-3","728a","0-5","M",2.04,"LOI","M",NA,2.5,NA,FALSE,0,5
"7","728","OR-3","728b","5-10","M",1.94,"LOI","M",NA,4.5,NA,FALSE,5,10
"7","728","OR-3","728c","10-15","M",2.06,"LOI","M",NA,3.1,NA,FALSE,10,15
"7","728","OR-3","728d","15-20","M",2.07,"LOI","M",NA,3.2,NA,FALSE,15,20
"7","728","OR-3","728e","20-25","M",2.08,"LOI","M",NA,3.7,NA,FALSE,20,25
"7","728","OR-3","728f","25-30","E",2.08,NA,"E",NA,3.7,NA,FALSE,25,30
"7","729","BB-1","729a","0-5","M",1.5,"LOI","M",NA,0.7,NA,FALSE,0,5
"7","729","BB-1","729b","5-10","M",1.69,"LOI","M",NA,0.6,NA,FALSE,5,10
"7","729","BB-1","729c","10-15","M",1.58,"LOI","M",NA,0.7,NA,FALSE,10,15
"7","729","BB-1","729d","15-20","M",1.62,"LOI","M",NA,0.7,NA,FALSE,15,20
"7","729","BB-1","729e","20-30","E",1.62,NA,"E",NA,0.7,NA,FALSE,20,30
"7","730","BB-2","730a","0-5","M",1.42,NA,"E",NA,0.6,NA,FALSE,0,5
"7","730","BB-2","730b","5-10","M",1.67,"LOI","M",NA,0.6,NA,FALSE,5,10
"7","730","BB-2","730c","10-15","M",1.45,"LOI","M",NA,0.5,NA,FALSE,10,15
"7","730","BB-2","730d","15-20","M",1.48,"LOI","M",NA,0.5,NA,FALSE,15,20
"7","730","BB-2","730e","20-25","M",1.49,"LOI","M",NA,0.4,NA,FALSE,20,25
"7","730","BB-2","730f","25-30","E",1.49,NA,"E",NA,0.4,NA,FALSE,25,30
"7","731","BB-3","731a","0-5","M",1.49,"LOI","M",NA,0.4,NA,FALSE,0,5
"7","731","BB-3","731b","5-10","M",1.61,"LOI","M",NA,0.6,NA,FALSE,5,10
"7","731","BB-3","731c","10-15","M",1.7,"LOI","M",NA,0.5,NA,FALSE,10,15
"7","731","BB-3","731d","15-20","M",1.63,"LOI","M",NA,0.5,NA,FALSE,15,20
"7","731","BB-3","731e","20-25","M",1.54,"LOI","M",NA,0.4,NA,FALSE,20,25
"7","731","BB-3","731f","25-30","E",1.54,NA,"E",NA,0.4,NA,FALSE,25,30
"7","732","SF-1","732a","0-5","M",0.97,"LOI","M",NA,0.3,NA,FALSE,0,5
"7","732","SF-1","732b","5-10","M",1.09,"LOI","M",NA,0.3,NA,FALSE,5,10
"7","732","SF-1","732c","10-15","M",1.2,"LOI","M",NA,2.1,NA,FALSE,10,15
"7","732","SF-1","732d","15-20","M",1.16,"LOI","M",NA,0.2,NA,FALSE,15,20
"7","732","SF-1","732e","20-25","M",1.18,"LOI","M",NA,0.3,NA,FALSE,20,25
"7","732","SF-1","732f","25-30","E",1.18,NA,"E",NA,0.3,NA,FALSE,25,30
"7","733","SF-2","733a","0-5","M",1.1,"LOI","M",NA,0.2,NA,FALSE,0,5
"7","733","SF-2","733b","5-10","M",1.32,"LOI","M",NA,0.3,NA,FALSE,5,10
"7","733","SF-2","733c","10-15","M",1.2,"LOI","M",NA,0.4,NA,FALSE,10,15
"7","733","SF-2","733d","15-20","M",1.14,"LOI","M",NA,0.3,NA,FALSE,15,20
"7","733","SF-2","733e","20-25","M",1.12,"LOI","M",NA,0.3,NA,FALSE,20,25
"7","733","SF-2","733f","25-30","E",1.12,NA,"E",NA,0.3,NA,FALSE,25,30
"7","734","SF-3","734a","0-5","M",1.15,"LOI","M",NA,0.3,NA,FALSE,0,5
"7","734","SF-3","734b","5-10","M",1.23,"LOI","M",NA,0.3,NA,FALSE,5,10
"7","734","SF-3","734c","10-15","M",1.12,"LOI","M",NA,0.2,NA,FALSE,10,15
"7","734","SF-3","734d","15-20","M",1.17,"LOI","M",NA,0.3,NA,FALSE,15,20
"7","734","SF-3","734e","20-25","M",1.19,"LOI","M",NA,0.3,NA,FALSE,20,25
"7","734","SF-3","734f","25-30","E",1.19,NA,"E",NA,0.3,NA,FALSE,25,30
"7","735","SD-1","735a","0-5","M",1.21,"LOI","M",NA,1,NA,FALSE,0,5
"7","735","SD-1","735b","5-10","M",1.22,"LOI","M",NA,0.7,NA,FALSE,5,10
"7","735","SD-1","735c","10-15","M",1.3,"LOI","M",NA,0.2,NA,FALSE,10,15
"7","735","SD-1","735d","15-20","M",1.36,"LOI","M",NA,1.4,NA,FALSE,15,20
"7","735","SD-1","735e","20-25","M",1.29,"LOI","M",NA,0.9,NA,FALSE,20,25
"7","735","SD-1","735f","25-30","E",1.29,NA,"E",NA,0.9,NA,FALSE,25,30
"7","736","SD-2","736a","0-5","M",1.59,"LOI","M",NA,1,NA,FALSE,0,5
"7","736","SD-2","736b","5-10","M",1.28,"LOI","M",NA,0.4,NA,FALSE,5,10
"7","736","SD-2","736c","10-15","M",1.28,"LOI","M",NA,1.5,NA,FALSE,10,15
"7","736","SD-2","736d","15-20","M",1.34,"LOI","M",NA,0.2,NA,FALSE,15,20
"7","736","SD-2","736e","20-25","M",1.3,"LOI","M",NA,0.6,NA,FALSE,20,25
"7","736","SD-2","736f","25-30","E",1.3,NA,"E",NA,0.6,NA,FALSE,25,30
"7","737","SD-3","737a","0-5","M",1.41,"LOI","M",NA,0.9,NA,FALSE,0,5
"7","737","SD-3","737b","5-10","M",1.28,"LOI","M",NA,0.4,NA,FALSE,5,10
"7","737","SD-3","737c","10-15","M",1.27,"LOI","M",NA,2.8,NA,FALSE,10,15
"7","737","SD-3","737d","15-20","M",1.31,"LOI","M",NA,0.9,NA,FALSE,15,20
"7","737","SD-3","737e","20-25","M",1.22,"LOI","M",NA,2.1,NA,FALSE,20,25
"7","737","SD-3","737f","25-30","E",1.22,NA,"E",NA,2.1,NA,FALSE,25,30
"7","738","MX-1","738a","0-5","M",1.3,"LOI","M",NA,2,NA,FALSE,0,5
"7","738","MX-1","738b","5-10","M",1.42,"LOI","M",NA,1.4,NA,FALSE,5,10
"7","738","MX-1","738c","10-15","M",1.44,"LOI","M",NA,1.8,NA,FALSE,10,15
"7","738","MX-1","738d","15-20","M",1.63,"LOI","M",NA,1.8,NA,FALSE,15,20
"7","738","MX-1","738e","20-25","M",1.47,"LOI","M",NA,1.9,NA,FALSE,20,25
"7","738","MX-1","738f","25-30","E",1.47,NA,"E",NA,1.9,NA,FALSE,25,30
"7","739","MX-2","739a","0-5","M",1.17,"LOI","M",NA,2.8,NA,FALSE,0,5
"7","739","MX-2","739b","5-10","M",1.47,"LOI","M",NA,1.7,NA,FALSE,5,10
"7","739","MX-2","739c","10-15","M",1.45,"LOI","M",NA,1.6,NA,FALSE,10,15
"7","739","MX-2","739d","15-20","M",1.43,"LOI","M",NA,1.6,NA,FALSE,15,20
"7","739","MX-2","739e","20-25","M",1.56,"LOI","M",NA,1.5,NA,FALSE,20,25
"7","739","MX-2","739f","25-30","E",1.56,NA,"E",NA,1.5,NA,FALSE,25,30
"7","740","MX-3","740a","0-5","M",1.09,"LOI","M",NA,3.5,NA,FALSE,0,5
"7","740","MX-3","740b","5-10","M",1.45,"LOI","M",NA,1.8,NA,FALSE,5,10
"7","740","MX-3","740c","10-15","M",1.44,"LOI","M",NA,1.8,NA,FALSE,10,15
"7","740","MX-3","740d","15-20","M",1.65,"LOI","M",NA,1.8,NA,FALSE,15,20
"7","740","MX-3","740e","20-25","M",1.46,"LOI","M",NA,1.6,NA,FALSE,20,25
"7","740","MX-3","740f","25-30","E",1.46,NA,"E",NA,1.6,NA,FALSE,25,30
"19","777","BC-A","777a","0-6","M",1.52,"CHN",NA,"M",NA,0.4,FALSE,0,6
"19","777","BC-A","777b","6-8","M",1.46,"CHN",NA,"M",NA,0.4,FALSE,6,8
"19","777","BC-A","777c","8-10","M",1.41,"CHN",NA,"M",NA,0.6,FALSE,8,10
"19","777","BC-A","777d","10-12","M",1.48,"CHN",NA,"M",NA,0.6,FALSE,10,12
"19","777","BC-A","777e","12-14","M",1.53,"CHN",NA,"M",NA,0.6,FALSE,12,14
"19","777","BC-A","777f","14-16","M",1.33,"CHN",NA,"M",NA,0.7,FALSE,14,16
"19","777","BC-A","777g","16-18","M",1.47,"CHN",NA,"M",NA,0.7,FALSE,16,18
"19","777","BC-A","777h","18-20","M",1.45,"CHN",NA,"M",NA,0.7,FALSE,18,20
"19","777","BC-A","777i","20-25","M",1.41,"CHN",NA,"M",NA,0.6,FALSE,20,25
"19","777","BC-A","777j","25-30","M",1.45,"CHN",NA,"M",NA,0.7,FALSE,25,30
"19","777","BC-A","777k","30-35","M",1.19,"CHN",NA,"M",NA,0.8,FALSE,30,35
"19","777","BC-A","777l","35-40","M",1.25,"CHN",NA,"M",NA,0.6,FALSE,35,40
"19","777","BC-A","777m","40-50","M",1.33,"CHN",NA,"M",NA,0.9,FALSE,40,50
"19","777","BC-A","777n","50-60","M",1.4,"CHN",NA,"M",NA,1,FALSE,50,60
"19","777","BC-A","777o","60-70","M",1.26,"CHN",NA,"M",NA,1.7,FALSE,60,70
"19","777","BC-A","777p","70-80","M",1.35,"CHN",NA,"M",NA,1.2,FALSE,70,80
"19","777","BC-A","777q","80-100","E",1.35,NA,NA,"E",NA,1.2,FALSE,80,100
"19","778","BC-B","778a","0-6","M",0.45,"CHN",NA,"M",NA,2.5,FALSE,0,6
"19","778","BC-B","778b","6-8","M",1.36,"CHN",NA,"M",NA,0.4,FALSE,6,8
"19","778","BC-B","778c","8-10","M",1.46,"CHN",NA,"M",NA,0.3,FALSE,8,10
"19","778","BC-B","778d","10-12","M",1.42,"CHN",NA,"M",NA,0.4,FALSE,10,12
"19","778","BC-B","778e","12-14","M",1.45,"CHN",NA,"M",NA,0.5,FALSE,12,14
"19","778","BC-B","778f","14-16","M",1.53,"CHN",NA,"M",NA,0.4,FALSE,14,16
"19","778","BC-B","778g","16-18","M",1.65,"CHN",NA,"M",NA,0.4,FALSE,16,18
"19","778","BC-B","778h","18-20","M",1.37,"CHN",NA,"M",NA,0.4,FALSE,18,20
"19","778","BC-B","778i","20-25","M",1.5,"CHN",NA,"M",NA,0.4,FALSE,20,25
"19","778","BC-B","778j","25-30","M",1.59,"CHN",NA,"M",NA,0.4,FALSE,25,30
"19","778","BC-B","778k","30-35","M",1.48,"CHN",NA,"M",NA,0.3,FALSE,30,35
"19","778","BC-B","778l","35-40","M",1.49,"CHN",NA,"M",NA,0.3,FALSE,35,40
"19","778","BC-B","778m","40-50","M",1.59,"CHN",NA,"M",NA,0.2,FALSE,40,50
"19","779","BC-L","779a","0-6","M",1.52,"CHN",NA,"M",NA,0.3,FALSE,0,6
"19","779","BC-L","779b","6-8","M",1.62,"CHN",NA,"M",NA,0.3,FALSE,6,8
"19","779","BC-L","779c","8-10","M",1.34,"CHN",NA,"M",NA,0.5,FALSE,8,10
"19","779","BC-L","779d","10-12","M",1.27,"CHN",NA,"M",NA,0.7,FALSE,10,12
"19","779","BC-L","779e","12-14","M",1.25,"CHN",NA,"M",NA,0.6,FALSE,12,14
"19","779","BC-L","779f","14-16","M",1.35,"CHN",NA,"M",NA,0.8,FALSE,14,16
"19","779","BC-L","779g","16-18","M",1.43,"CHN",NA,"M",NA,0.6,FALSE,16,18
"19","779","BC-L","779h","18-20","M",1.41,"CHN",NA,"M",NA,0.5,FALSE,18,20
"19","779","BC-L","779i","20-25","M",1.58,"CHN",NA,"M",NA,0.4,FALSE,20,25
"19","779","BC-L","779j","25-30","M",1.42,"CHN",NA,"M",NA,0.4,FALSE,25,30
"19","779","BC-L","779k","30-35","M",1.58,"CHN",NA,"M",NA,0.3,FALSE,30,35
"19","779","BC-L","779l","35-40","M",1.49,"CHN",NA,"M",NA,0.4,FALSE,35,40
"19","779","BC-L","779m","40-50","M",1.51,"CHN",NA,"M",NA,0.7,FALSE,40,50
"19","780","WA50.1_1","780a","0-6","M",1.4,"CHN",NA,"M",NA,0.1,FALSE,0,6
"19","780","WA50.1_1","780b","6-8","M",1.4,"CHN",NA,"M",NA,0.2,FALSE,6,8
"19","780","WA50.1_1","780c","8-10","M",1.44,"CHN",NA,"M",NA,0.2,FALSE,8,10
"19","780","WA50.1_1","780d","10-12","M",1.46,"CHN",NA,"M",NA,0.2,FALSE,10,12
"19","780","WA50.1_1","780e","12-14","M",1.41,"CHN",NA,"M",NA,0.1,FALSE,12,14
"19","780","WA50.1_1","780f","14-16","M",1.39,"CHN",NA,"M",NA,0.1,FALSE,14,16
"19","780","WA50.1_1","780g","16-18","M",1.47,"CHN",NA,"M",NA,0.1,FALSE,16,18
"19","780","WA50.1_1","780h","18-20","M",1.46,"CHN",NA,"M",NA,0.1,FALSE,18,20
"19","780","WA50.1_1","780i","20-25","M",1.36,"CHN",NA,"M",NA,0.1,FALSE,20,25
"19","780","WA50.1_1","780j","25-30","M",1.37,"CHN",NA,"M",NA,0.1,FALSE,25,30
"19","780","WA50.1_1","780k","30-35","M",1.45,"CHN",NA,"M",NA,0.1,FALSE,30,35
"19","780","WA50.1_1","780l","35-40","M",1.43,"CHN",NA,"M",NA,0.2,FALSE,35,40
"19","780","WA50.1_1","780m","40-45","M",1.47,"CHN",NA,"M",NA,0.2,FALSE,40,45
"19","780","WA50.1_1","780n","45-50","M",1.5,"CHN",NA,"M",NA,0.2,FALSE,45,50
"19","781","WA50.1_2","781a","0-6","M",1.51,"CHN",NA,"M",NA,0.2,FALSE,0,6
"19","781","WA50.1_2","781b","6-8","M",1.46,"CHN",NA,"M",NA,0.1,FALSE,6,8
"19","781","WA50.1_2","781c","8-10","M",1.48,"CHN",NA,"M",NA,0.1,FALSE,8,10
"19","781","WA50.1_2","781d","10-12","M",1.49,"CHN",NA,"M",NA,0.1,FALSE,10,12
"19","781","WA50.1_2","781e","12-14","M",1.42,"CHN",NA,"M",NA,0.2,FALSE,12,14
"19","781","WA50.1_2","781f","14-16","M",1.43,"CHN",NA,"M",NA,0.2,FALSE,14,16
"19","781","WA50.1_2","781g","16-18","M",1.36,"CHN",NA,"M",NA,0.2,FALSE,16,18
"19","781","WA50.1_2","781h","18-20","M",1.34,"CHN",NA,"M",NA,0.2,FALSE,18,20
"19","781","WA50.1_2","781i","20-25","M",1.53,"CHN",NA,"M",NA,0.3,FALSE,20,25
"19","781","WA50.1_2","781j","25-30","M",1.37,"CHN",NA,"M",NA,0.2,FALSE,25,30
"19","781","WA50.1_2","781k","30-35","M",1.36,"CHN",NA,"M",NA,0.3,FALSE,30,35
"19","781","WA50.1_2","781l","35-40","M",1.46,"CHN",NA,"M",NA,0.2,FALSE,35,40
"19","781","WA50.1_2","781m","40-45","M",1.42,"CHN",NA,"M",NA,0.2,FALSE,40,45
"19","781","WA50.1_2","781n","45-50","M",1.33,"CHN",NA,"M",NA,0.2,FALSE,45,50
"19","782","WA50.1_3","782a","0-6","M",1.42,"CHN",NA,"M",NA,0.2,FALSE,0,6
"19","782","WA50.1_3","782b","6-8","M",1.43,"CHN",NA,"M",NA,0.2,FALSE,6,8
"19","782","WA50.1_3","782c","8-10","M",1.43,"CHN",NA,"M",NA,0.3,FALSE,8,10
"19","782","WA50.1_3","782d","10-12","M",1.34,"CHN",NA,"M",NA,0.2,FALSE,10,12
"19","782","WA50.1_3","782e","12-14","M",1.46,"CHN",NA,"M",NA,0.2,FALSE,12,14
"19","782","WA50.1_3","782f","14-16","M",1.41,"CHN",NA,"M",NA,0.3,FALSE,14,16
"19","782","WA50.1_3","782g","16-18","M",1.47,"CHN",NA,"M",NA,0.2,FALSE,16,18
"19","782","WA50.1_3","782h","18-20","M",1.46,"CHN",NA,"M",NA,0.2,FALSE,18,20
"19","782","WA50.1_3","782i","20-25","M",1.36,"CHN",NA,"M",NA,0.2,FALSE,20,25
"19","782","WA50.1_3","782j","25-30","M",1.38,"CHN",NA,"M",NA,0.3,FALSE,25,30
"19","782","WA50.1_3","782k","30-35","M",1.44,"CHN",NA,"M",NA,0.3,FALSE,30,35
"19","782","WA50.1_3","782l","35-40","M",1.38,"CHN",NA,"M",NA,0.4,FALSE,35,40
"19","782","WA50.1_3","782m","40-50","E",1.38,NA,NA,"E",NA,0.4,FALSE,40,50
"19","784","WA50.2_2","784a","0-4","M",1.35,"CHN",NA,"M",NA,0.4,FALSE,0,4
"19","784","WA50.2_2","784b","4-6","M",1.82,"CHN",NA,"M",NA,0.4,FALSE,4,6
"19","784","WA50.2_2","784c","6-8","M",1.47,"CHN",NA,"M",NA,0.5,FALSE,6,8
"19","784","WA50.2_2","784d","8-10","M",1.45,"CHN",NA,"M",NA,0.4,FALSE,8,10
"19","784","WA50.2_2","784e","10-12","M",1.49,"CHN",NA,"M",NA,0.6,FALSE,10,12
"19","784","WA50.2_2","784f","12-14","M",1.44,"CHN",NA,"M",NA,0.4,FALSE,12,14
"19","784","WA50.2_2","784g","14-16","M",1.43,"CHN",NA,"M",NA,0.4,FALSE,14,16
"19","784","WA50.2_2","784h","16-18","M",1.39,"CHN",NA,"M",NA,0.4,FALSE,16,18
"19","784","WA50.2_2","784i","18-20","M",1.46,"CHN",NA,"M",NA,0.6,FALSE,18,20
"19","784","WA50.2_2","784j","20-25","M",1.44,"CHN",NA,"M",NA,0.3,FALSE,20,25
"19","784","WA50.2_2","784k","25-30","E",1.44,NA,NA,"E",NA,0.3,FALSE,25,30
"19","785","WA50.2_3","785a","0-4","M",1.33,"CHN",NA,"M",NA,0.4,FALSE,0,4
"19","785","WA50.2_3","785b","4-6","M",1.38,"CHN",NA,"M",NA,0.6,FALSE,4,6
"19","785","WA50.2_3","785c","6-8","M",1.41,"CHN",NA,"M",NA,0.4,FALSE,6,8
"19","785","WA50.2_3","785d","8-10","M",1.43,"CHN",NA,"M",NA,0.3,FALSE,8,10
"19","785","WA50.2_3","785e","10-12","M",1.41,"CHN",NA,"M",NA,0.3,FALSE,10,12
"19","785","WA50.2_3","785f","12-14","M",1.45,"CHN",NA,"M",NA,0.3,FALSE,12,14
"19","785","WA50.2_3","785g","14-16","M",1.44,"CHN",NA,"M",NA,0.3,FALSE,14,16
"19","785","WA50.2_3","785h","16-18","M",1.39,"CHN",NA,"M",NA,0.3,FALSE,16,18
"19","785","WA50.2_3","785i","18-20","M",1.37,"CHN",NA,"M",NA,0.3,FALSE,18,20
"19","785","WA50.2_3","785j","20-25","M",1.44,"CHN",NA,"M",NA,0.4,FALSE,20,25
"19","785","WA50.2_3","785k","25-30","E",1.44,NA,NA,"E",NA,0.4,FALSE,25,30
"19","786","OR_HC_1","786a","0-6","M",0.82,"CHN",NA,"M",NA,2,FALSE,0,6
"19","786","OR_HC_1","786b","6-8","M",0.86,"CHN",NA,"M",NA,1.8,FALSE,6,8
"19","786","OR_HC_1","786c","8-10","M",0.84,"CHN",NA,"M",NA,1.7,FALSE,8,10
"19","786","OR_HC_1","786d","10-12","M",0.92,"CHN",NA,"M",NA,1.9,FALSE,10,12
"19","786","OR_HC_1","786e","12-14","M",1,"CHN",NA,"M",NA,1.6,FALSE,12,14
"19","786","OR_HC_1","786f","14-16","M",1.07,"CHN",NA,"M",NA,1.4,FALSE,14,16
"19","786","OR_HC_1","786g","16-18","M",1.16,"CHN",NA,"M",NA,1.3,FALSE,16,18
"19","786","OR_HC_1","786h","18-20","M",1.15,"CHN",NA,"M",NA,1.1,FALSE,18,20
"19","786","OR_HC_1","786i","20-25","M",1.06,"CHN",NA,"M",NA,1.3,FALSE,20,25
"19","786","OR_HC_1","786j","25-30","M",0.96,"CHN",NA,"M",NA,2.7,FALSE,25,30
"19","786","OR_HC_1","786k","30-35","M",0.97,"CHN",NA,"M",NA,1.9,FALSE,30,35
"19","786","OR_HC_1","786l","35-40","I",0.92,"CHN",NA,"M",NA,1.9,FALSE,35,40
"19","786","OR_HC_1","786m","40-50","M",0.86,"CHN",NA,"M",NA,2.2,FALSE,40,50
"19","786","OR_HC_1","786n","50-60","M",0.93,"CHN",NA,"M",NA,1.9,FALSE,50,60
"19","786","OR_HC_1","786o","60-70","M",1.01,"CHN",NA,"M",NA,1.9,FALSE,60,70
"19","786","OR_HC_1","786p","70-80","M",1.11,"CHN",NA,"M",NA,1.2,FALSE,70,80
"19","786","OR_HC_1","786q","80-90","M",1.07,"CHN",NA,"M",NA,1.4,FALSE,80,90
"19","786","OR_HC_1","786r","90-100","M",1.05,"CHN",NA,"M",NA,1.2,FALSE,90,100
"19","787","OR_HC_2","787a","0-6","M",0.88,"CHN",NA,"M",NA,1.7,FALSE,0,6
"19","787","OR_HC_2","787b","6-8","M",0.87,"CHN",NA,"M",NA,1.8,FALSE,6,8
"19","787","OR_HC_2","787c","8-10","M",0.91,"CHN",NA,"M",NA,1.7,FALSE,8,10
"19","787","OR_HC_2","787d","10-12","M",0.97,"CHN",NA,"M",NA,1.6,FALSE,10,12
"19","787","OR_HC_2","787e","12-14","M",1.1,"CHN",NA,"M",NA,1.8,FALSE,12,14
"19","787","OR_HC_2","787f","14-16","M",1.02,"CHN",NA,"M",NA,1.6,FALSE,14,16
"19","787","OR_HC_2","787g","16-18","M",1.09,"CHN",NA,"M",NA,1.5,FALSE,16,18
"19","787","OR_HC_2","787h","18-20","M",1.08,"CHN",NA,"M",NA,1.3,FALSE,18,20
"19","787","OR_HC_2","787i","20-25","M",1.01,"CHN",NA,"M",NA,2,FALSE,20,25
"19","787","OR_HC_2","787j","25-30","M",0.94,"CHN",NA,"M",NA,2.3,FALSE,25,30
"19","787","OR_HC_2","787k","30-35","M",0.89,"CHN",NA,"M",NA,2.4,FALSE,30,35
"19","787","OR_HC_2","787l","35-40","M",0.92,"CHN",NA,"M",NA,1.9,FALSE,35,40
"19","787","OR_HC_2","787m","40-50","M",0.91,"CHN",NA,"M",NA,1.8,FALSE,40,50
"19","787","OR_HC_2","787n","50-60","M",0.94,"CHN",NA,"M",NA,1.7,FALSE,50,60
"19","787","OR_HC_2","787o","60-70","M",0.78,"CHN",NA,"M",NA,2.4,FALSE,60,70
"19","787","OR_HC_2","787p","70-78","M",1.04,"CHN",NA,"M",NA,1.6,FALSE,70,78
"19","787","OR_HC_2","787q","78-100","E",1.04,NA,NA,"E",NA,1.6,FALSE,78,100
"19","788","OR_HC_3","788a","0-6","M",0.74,"CHN",NA,"M",NA,2.1,FALSE,0,6
"19","788","OR_HC_3","788b","6-8","M",0.86,"CHN",NA,"M",NA,1.7,FALSE,6,8
"19","788","OR_HC_3","788c","8-10","M",0.83,"CHN",NA,"M",NA,1.9,FALSE,8,10
"19","788","OR_HC_3","788d","10-12","M",0.88,"CHN",NA,"M",NA,1.7,FALSE,10,12
"19","788","OR_HC_3","788e","12-14","M",0.91,"CHN",NA,"M",NA,1.8,FALSE,12,14
"19","788","OR_HC_3","788f","14-16","M",0.93,"CHN",NA,"M",NA,1.8,FALSE,14,16
"19","788","OR_HC_3","788g","16-18","M",0.94,"CHN",NA,"M",NA,1.7,FALSE,16,18
"19","788","OR_HC_3","788h","18-20","M",0.95,"CHN",NA,"M",NA,1.7,FALSE,18,20
"19","788","OR_HC_3","788i","20-25","M",0.92,"CHN",NA,"M",NA,1.6,FALSE,20,25
"19","788","OR_HC_3","788j","25-30","M",0.92,"CHN",NA,"M",NA,2,FALSE,25,30
"19","788","OR_HC_3","788k","30-35","M",1,"CHN",NA,"M",NA,1.5,FALSE,30,35
"19","788","OR_HC_3","788l","35-40","M",0.98,"CHN",NA,"M",NA,1.7,FALSE,35,40
"19","788","OR_HC_3","788m","40-50","M",0.9,"CHN",NA,"M",NA,1.7,FALSE,40,50
"19","788","OR_HC_3","788n","50-60","M",0.92,"CHN",NA,"M",NA,1.7,FALSE,50,60
"19","788","OR_HC_3","788o","60-70","M",0.99,"CHN",NA,"M",NA,1.7,FALSE,60,70
"19","788","OR_HC_3","788p","70-80","M",0.94,"CHN",NA,"M",NA,1.6,FALSE,70,80
"19","788","OR_HC_3","788q","80-90","M",1.03,"CHN",NA,"M",NA,1.5,FALSE,80,90
"19","788","OR_HC_3","788r","90-100","M",1.17,"CHN",NA,"M",NA,1.1,FALSE,90,100
"19","789","OR25.1_1","789a","0-6","M",1.15,"CHN",NA,"M",NA,1.1,FALSE,0,6
"19","789","OR25.1_1","789b","6-8","M",1.11,"CHN",NA,"M",NA,1.3,FALSE,6,8
"19","789","OR25.1_1","789c","8-10","M",1.16,"CHN",NA,"M",NA,1.1,FALSE,8,10
"19","789","OR25.1_1","789d","10-12","M",1.17,"CHN",NA,"M",NA,1.1,FALSE,10,12
"19","789","OR25.1_1","789e","12-14","M",1.14,"CHN",NA,"M",NA,1.1,FALSE,12,14
"19","789","OR25.1_1","789f","14-16","M",1.07,"CHN",NA,"M",NA,1.3,FALSE,14,16
"19","789","OR25.1_1","789g","16-18","M",1.06,"CHN",NA,"M",NA,1.2,FALSE,16,18
"19","789","OR25.1_1","789h","18-20","M",1.12,"CHN",NA,"M",NA,1.2,FALSE,18,20
"19","789","OR25.1_1","789i","20-25","M",1.19,"CHN",NA,"M",NA,1.2,FALSE,20,25
"19","789","OR25.1_1","789j","25-30","M",1.28,"CHN",NA,"M",NA,0.9,FALSE,25,30
"19","789","OR25.1_1","789k","30-35","M",1.36,"CHN",NA,"M",NA,0.5,FALSE,30,35
"19","789","OR25.1_1","789l","35-40","M",1.41,"CHN",NA,"M",NA,0.2,FALSE,35,40
"19","789","OR25.1_1","789m","40-50","M",1.41,"CHN",NA,"M",NA,0.1,FALSE,40,50
"19","789","OR25.1_1","789n","50-60","M",1.31,"CHN",NA,"M",NA,0.7,FALSE,50,60
"19","789","OR25.1_1","789o","60-70","M",1.36,"CHN",NA,"M",NA,0.7,FALSE,60,70
"19","789","OR25.1_1","789p","70-80","M",1.29,"CHN",NA,"M",NA,0.8,FALSE,70,80
"19","789","OR25.1_1","789q","80-90","M",1.35,"CHN",NA,"M",NA,0.8,FALSE,80,90
"19","789","OR25.1_1","789r","90-100","E",1.35,NA,NA,"E",NA,0.8,FALSE,90,100
"19","790","OR25.1_2","790a","0-6","M",1.3,"CHN",NA,"M",NA,0.8,FALSE,0,6
"19","790","OR25.1_2","790b","6-8","M",1.37,"CHN",NA,"M",NA,0.6,FALSE,6,8
"19","790","OR25.1_2","790c","8-10","M",1.34,"CHN",NA,"M",NA,0.7,FALSE,8,10
"19","790","OR25.1_2","790d","10-12","M",1.23,"CHN",NA,"M",NA,0.8,FALSE,10,12
"19","790","OR25.1_2","790e","12-14","M",1.32,"CHN",NA,"M",NA,0.9,FALSE,12,14
"19","790","OR25.1_2","790f","14-16","M",1.31,"CHN",NA,"M",NA,0.7,FALSE,14,16
"19","790","OR25.1_2","790g","16-18","M",1.34,"CHN",NA,"M",NA,0.9,FALSE,16,18
"19","790","OR25.1_2","790h","18-20","M",1.32,"CHN",NA,"M",NA,0.8,FALSE,18,20
"19","790","OR25.1_2","790i","20-25","M",1.37,"CHN",NA,"M",NA,0.7,FALSE,20,25
"19","790","OR25.1_2","790j","25-30","M",1.39,"CHN",NA,"M",NA,0.7,FALSE,25,30
"19","790","OR25.1_2","790k","30-35","M",1.47,"CHN",NA,"M",NA,0.8,FALSE,30,35
"19","790","OR25.1_2","790l","35-40","M",1.34,"CHN",NA,"M",NA,0.8,FALSE,35,40
"19","790","OR25.1_2","790m","40-50","M",1.36,"CHN",NA,"M",NA,0.8,FALSE,40,50
"19","790","OR25.1_2","790n","50-60","M",1.35,"CHN",NA,"M",NA,1,FALSE,50,60
"19","790","OR25.1_2","790o","60-70","M",1.39,"CHN",NA,"M",NA,0.9,FALSE,60,70
"19","790","OR25.1_2","790p","70-80","M",1.31,"CHN",NA,"M",NA,0.9,FALSE,70,80
"19","790","OR25.1_2","790q","80-90","M",1.35,"CHN",NA,"M",NA,1,FALSE,80,90
"19","790","OR25.1_2","790r","90-100","M",1.2,"CHN",NA,"M",NA,1.4,FALSE,90,100
"19","791","OR25.1_3","791a","0-6","M",1.27,"CHN",NA,"M",NA,1.3,FALSE,0,6
"19","791","OR25.1_3","791b","6-8","M",1.31,"CHN",NA,"M",NA,1.3,FALSE,6,8
"19","791","OR25.1_3","791c","8-10","M",1.37,"CHN",NA,"M",NA,1.4,FALSE,8,10
"19","791","OR25.1_3","791d","10-12","M",1.39,"CHN",NA,"M",NA,1.4,FALSE,10,12
"19","791","OR25.1_3","791e","12-14","M",1.36,"CHN",NA,"M",NA,1.4,FALSE,12,14
"19","791","OR25.1_3","791f","14-16","M",1.37,"CHN",NA,"M",NA,1.4,FALSE,14,16
"19","791","OR25.1_3","791g","16-18","M",1.32,"CHN",NA,"M",NA,1.3,FALSE,16,18
"19","791","OR25.1_3","791h","18-20","M",1.35,"CHN",NA,"M",NA,1.4,FALSE,18,20
"19","791","OR25.1_3","791i","20-25","M",1.31,"CHN",NA,"M",NA,1.3,FALSE,20,25
"19","791","OR25.1_3","791j","25-30","M",1.33,"CHN",NA,"M",NA,1.3,FALSE,25,30
"19","791","OR25.1_3","791k","30-35","M",1.36,"CHN",NA,"M",NA,1.4,FALSE,30,35
"19","791","OR25.1_3","791l","35-40","M",1.31,"CHN",NA,"M",NA,1.3,FALSE,35,40
"19","791","OR25.1_3","791m","40-50","M",1.35,"CHN",NA,"M",NA,1.4,FALSE,40,50
"19","791","OR25.1_3","791n","50-60","M",1.31,"CHN",NA,"M",NA,1.3,FALSE,50,60
"19","791","OR25.1_3","791o","60-70","M",1.27,"CHN",NA,"M",NA,1.3,FALSE,60,70
"19","791","OR25.1_3","791p","70-80","M",1.33,"CHN",NA,"M",NA,1.3,FALSE,70,80
"19","791","OR25.1_3","791q","80-90","M",1.34,"CHN",NA,"M",NA,1.3,FALSE,80,90
"19","791","OR25.1_3","791r","90-100","M",1.24,"CHN",NA,"M",NA,1.2,FALSE,90,100
"23","792","RPIT1","792a","0-1","M",1.14,"LOI","M",NA,1.2,NA,FALSE,0,1
"23","792","RPIT1","792b","1-2","M",1.5,"LOI","M",NA,1.7,NA,FALSE,1,2
"23","792","RPIT1","792c","2-3","M",1.18,"LOI","M",NA,1.9,NA,FALSE,2,3
"23","792","RPIT1","792d","3-4","M",1.2,"LOI","M",NA,1.7,NA,FALSE,3,4
"23","792","RPIT1","792e","4-5","M",1.23,"LOI","M",NA,1.7,NA,FALSE,4,5
"23","792","RPIT1","792f","5-6","M",1.17,"LOI","M",NA,1.6,NA,FALSE,5,6
"23","792","RPIT1","792g","6-7","M",1.14,"LOI","M",NA,1.5,NA,FALSE,6,7
"23","792","RPIT1","792h","7-8","M",1.14,"LOI","M",NA,1.8,NA,FALSE,7,8
"23","792","RPIT1","792i","8-9","M",1.19,"LOI","M",NA,1.3,NA,FALSE,8,9
"23","792","RPIT1","792j","9-10","M",1.13,"LOI","M",NA,1.3,NA,FALSE,9,10
"23","792","RPIT1","792k","10-11","M",1.16,"LOI","M",NA,1.3,NA,FALSE,10,11
"23","792","RPIT1","792l","11-12","M",1.13,"LOI","M",NA,3.1,NA,FALSE,11,12
"23","792","RPIT1","792m","12-13","M",1.16,"LOI","M",NA,1.4,NA,FALSE,12,13
"23","792","RPIT1","792n","13-14","M",1.17,"LOI","M",NA,1.5,NA,FALSE,13,14
"23","792","RPIT1","792o","14-15","M",1.16,"LOI","M",NA,1.5,NA,FALSE,14,15
"23","792","RPIT1","792p","15-16","M",1.23,"LOI","M",NA,1.4,NA,FALSE,15,16
"23","792","RPIT1","792q","16-17","M",1.21,"LOI","M",NA,1.5,NA,FALSE,16,17
"23","792","RPIT1","792r","17-18","M",1.16,"LOI","M",NA,1.4,NA,FALSE,17,18
"23","792","RPIT1","792s","18-19","M",1.13,"LOI","M",NA,1.5,NA,FALSE,18,19
"23","792","RPIT1","792t","19-20","M",1.2,"LOI","M",NA,1.3,NA,FALSE,19,20
"23","792","RPIT1","792u","20-21","M",1.12,"LOI","M",NA,1.4,NA,FALSE,20,21
"23","792","RPIT1","792v","21-22","M",1.13,"LOI","M",NA,1.2,NA,FALSE,21,22
"23","792","RPIT1","792w","22-23","M",1.16,"LOI","M",NA,1.6,NA,FALSE,22,23
"23","792","RPIT1","792x","23-24","M",1.11,"LOI","M",NA,1.2,NA,FALSE,23,24
"23","792","RPIT1","792y","24-25","M",1.12,"LOI","M",NA,1.4,NA,FALSE,24,25
"23","792","RPIT1","792z","25-26","M",1.12,"LOI","M",NA,1.3,NA,FALSE,25,26
"23","792","RPIT1","792aa","26-27","M",1.1,"LOI","M",NA,1.1,NA,FALSE,26,27
"23","792","RPIT1","792ab","27-28","M",1.11,"LOI","M",NA,1.1,NA,FALSE,27,28
"23","792","RPIT1","792ac","28-29","M",1.09,"LOI","M",NA,1.3,NA,FALSE,28,29
"23","792","RPIT1","792ad","29-30","M",1.11,"LOI","M",NA,1.5,NA,FALSE,29,30
"23","792","RPIT1","792ae","30-31","M",1.11,"LOI","M",NA,1.5,NA,FALSE,30,31
"23","792","RPIT1","792af","31-32","M",1.13,"LOI","M",NA,1.3,NA,FALSE,31,32
"23","792","RPIT1","792ag","32-33","M",1.14,"LOI","M",NA,1.2,NA,FALSE,32,33
"23","792","RPIT1","792ah","33-34","M",1.1,"LOI","M",NA,1.2,NA,FALSE,33,34
"23","792","RPIT1","792ai","34-35","M",1.1,"LOI","M",NA,1.3,NA,FALSE,34,35
"23","792","RPIT1","792aj","35-36","M",1.14,"LOI","M",NA,1.2,NA,FALSE,35,36
"23","792","RPIT1","792ak","36-37","M",1.12,"LOI","M",NA,1.2,NA,FALSE,36,37
"23","792","RPIT1","792al","37-38","M",1.13,"LOI","M",NA,1.1,NA,FALSE,37,38
"23","792","RPIT1","792am","38-39","M",1.17,"LOI","M",NA,1.4,NA,FALSE,38,39
"23","792","RPIT1","792an","39-40","M",1.14,"LOI","M",NA,1.1,NA,FALSE,39,40
"23","792","RPIT1","792ao","40-41","M",1.25,"LOI","M",NA,1.3,NA,FALSE,40,41
"23","792","RPIT1","792ap","41-42","M",1.25,"LOI","M",NA,1.5,NA,FALSE,41,42
"23","792","RPIT1","792aq","42-43","M",1.25,"LOI","M",NA,1.6,NA,FALSE,42,43
"23","792","RPIT1","792ar","43-44","M",1.21,"LOI","M",NA,2.1,NA,FALSE,43,44
"23","792","RPIT1","792as","44-45","M",1.13,"LOI","M",NA,2.4,NA,FALSE,44,45
"23","792","RPIT1","792at","45-46","M",1.21,"LOI","M",NA,2,NA,FALSE,45,46
"23","792","RPIT1","792au","46-47","M",1.14,"LOI","M",NA,1.8,NA,FALSE,46,47
"23","792","RPIT1","792av","47-48","M",1.25,"LOI","M",NA,2,NA,FALSE,47,48
"23","792","RPIT1","792aw","48-49","M",1.17,"LOI","M",NA,1.8,NA,FALSE,48,49
"23","792","RPIT1","792ax","49-50","M",1.19,"LOI","M",NA,1.6,NA,FALSE,49,50
"23","793","RPIT2","793a","0-1","M",1.21,"LOI","M",NA,2.5,NA,FALSE,0,1
"23","793","RPIT2","793b","1-2","M",1.2,"LOI","M",NA,1.5,NA,FALSE,1,2
"23","793","RPIT2","793c","2-3","M",1.16,"LOI","M",NA,1.5,NA,FALSE,2,3
"23","793","RPIT2","793d","3-4","M",1.17,"LOI","M",NA,1.6,NA,FALSE,3,4
"23","793","RPIT2","793e","4-5","M",1.15,"LOI","M",NA,2.9,NA,FALSE,4,5
"23","793","RPIT2","793f","5-6","M",1.08,"LOI","M",NA,1.6,NA,FALSE,5,6
"23","793","RPIT2","793g","6-7","M",1.16,"LOI","M",NA,1.8,NA,FALSE,6,7
"23","793","RPIT2","793h","7-8","M",1.18,"LOI","M",NA,1.8,NA,FALSE,7,8
"23","793","RPIT2","793i","8-9","M",1.16,"LOI","M",NA,2.1,NA,FALSE,8,9
"23","793","RPIT2","793j","9-10","M",1.17,"LOI","M",NA,1.7,NA,FALSE,9,10
"23","793","RPIT2","793k","10-11","M",1.1,"LOI","M",NA,2.4,NA,FALSE,10,11
"23","793","RPIT2","793l","11-12","M",1.05,"LOI","M",NA,3.5,NA,FALSE,11,12
"23","793","RPIT2","793m","12-13","M",1.16,"LOI","M",NA,2.1,NA,FALSE,12,13
"23","793","RPIT2","793n","13-14","M",1.14,"LOI","M",NA,2.1,NA,FALSE,13,14
"23","793","RPIT2","793o","14-15","M",1.16,"LOI","M",NA,1.6,NA,FALSE,14,15
"23","793","RPIT2","793p","15-16","M",1.15,"LOI","M",NA,1.9,NA,FALSE,15,16
"23","793","RPIT2","793q","16-17","M",1.12,"LOI","M",NA,2,NA,FALSE,16,17
"23","793","RPIT2","793r","17-18","M",1.14,"LOI","M",NA,2,NA,FALSE,17,18
"23","793","RPIT2","793s","18-19","M",1.17,"LOI","M",NA,1.7,NA,FALSE,18,19
"23","793","RPIT2","793t","19-20","M",1.13,"LOI","M",NA,1.8,NA,FALSE,19,20
"23","793","RPIT2","793u","20-21","M",1.13,"LOI","M",NA,1.5,NA,FALSE,20,21
"23","793","RPIT2","793v","21-22","M",1.19,"LOI","M",NA,1.4,NA,FALSE,21,22
"23","793","RPIT2","793w","22-23","M",1.15,"LOI","M",NA,1.2,NA,FALSE,22,23
"23","793","RPIT2","793x","23-24","M",1.21,"LOI","M",NA,1.2,NA,FALSE,23,24
"23","793","RPIT2","793y","24-25","M",1.17,"LOI","M",NA,1.2,NA,FALSE,24,25
"23","793","RPIT2","793z","25-26","M",1.17,"LOI","M",NA,1.1,NA,FALSE,25,26
"23","793","RPIT2","793aa","26-27","M",1.19,"LOI","M",NA,1.1,NA,FALSE,26,27
"23","793","RPIT2","793ab","27-28","M",1.24,"LOI","M",NA,1,NA,FALSE,27,28
"23","793","RPIT2","793ac","28-29","M",1.14,"LOI","M",NA,1.1,NA,FALSE,28,29
"23","793","RPIT2","793ad","29-30","M",1.15,"LOI","M",NA,1.1,NA,FALSE,29,30
"23","794","RPST3","794a","0-1","M",1.19,"CHN&LOI","M","M",1.7,0.2,FALSE,0,1
"23","794","RPST3","794b","1-2","M",1.19,"LOI","M",NA,1.9,NA,FALSE,1,2
"23","794","RPST3","794c","2-3","M",1.2,"CHN&LOI","M","M",2,0.4,FALSE,2,3
"23","794","RPST3","794d","3-4","M",1.13,"LOI","M",NA,2.2,NA,FALSE,3,4
"23","794","RPST3","794e","4-5","M",1.18,"CHN&LOI","M","M",1.9,0.4,FALSE,4,5
"23","794","RPST3","794f","5-6","M",1.2,"LOI","M",NA,2.1,NA,FALSE,5,6
"23","794","RPST3","794g","6-7","M",1.17,"LOI","M",NA,2.2,NA,FALSE,6,7
"23","794","RPST3","794h","7-8","M",1.17,"LOI","M",NA,2.5,NA,FALSE,7,8
"23","794","RPST3","794i","8-9","M",1.18,"CHN&LOI","M","M",2.1,0.5,FALSE,8,9
"23","794","RPST3","794j","9-10","M",1.16,"LOI","M",NA,2,NA,FALSE,9,10
"23","794","RPST3","794k","10-11","M",1.15,"CHN&LOI","M","M",1.8,0.2,FALSE,10,11
"23","794","RPST3","794l","11-12","M",1.17,"LOI","M",NA,1.8,NA,FALSE,11,12
"23","794","RPST3","794m","12-13","M",1.15,"CHN&LOI","M","M",1.6,0.1,FALSE,12,13
"23","794","RPST3","794n","13-14","M",1.16,"LOI","M",NA,1.9,NA,FALSE,13,14
"23","794","RPST3","794o","14-15","M",1.15,"CHN&LOI","M","M",1.5,0.2,FALSE,14,15
"23","794","RPST3","794p","15-16","M",1.11,"LOI","M",NA,1.6,NA,FALSE,15,16
"23","794","RPST3","794q","16-17","M",1.08,"CHN&LOI","M","M",2.6,0.1,FALSE,16,17
"23","794","RPST3","794r","17-18","M",1.16,"LOI","M",NA,1.5,NA,FALSE,17,18
"23","794","RPST3","794s","18-19","M",1.15,"LOI","M",NA,1.5,NA,FALSE,18,19
"23","794","RPST3","794t","19-20","M",1.14,"LOI","M",NA,1.3,NA,FALSE,19,20
"23","794","RPST3","794u","20-21","M",1.16,"CHN&LOI","M","M",1.4,0.1,FALSE,20,21
"23","794","RPST3","794v","21-22","M",1.16,"LOI","M",NA,1.3,NA,FALSE,21,22
"23","794","RPST3","794w","22-23","M",1.14,"CHN&LOI","M","M",1.3,0.1,FALSE,22,23
"23","794","RPST3","794x","23-24","M",1.16,"LOI","M",NA,1.3,NA,FALSE,23,24
"23","794","RPST3","794y","24-25","M",1.15,"CHN&LOI","M","M",1.3,0.1,FALSE,24,25
"23","794","RPST3","794z","25-26","M",1.18,"LOI","M",NA,1,NA,FALSE,25,26
"23","794","RPST3","794aa","26-27","M",1.15,"CHN&LOI","M","M",1.1,0.1,FALSE,26,27
"23","794","RPST3","794ab","27-28","M",1.14,"LOI","M",NA,1,NA,FALSE,27,28
"23","794","RPST3","794ac","28-29","M",1.14,"CHN&LOI","M","M",1,0,FALSE,28,29
"23","794","RPST3","794ad","29-30","M",1.15,"LOI","M",NA,0.9,NA,FALSE,29,30
"23","794","RPST3","794ae","30-31","M",1.16,"LOI","M",NA,0.9,NA,FALSE,30,31
"23","794","RPST3","794af","31-32","M",1.16,"LOI","M",NA,0.9,NA,FALSE,31,32
"23","794","RPST3","794ag","32-33","M",1.16,"CHN&LOI","M","M",1,0,FALSE,32,33
"23","794","RPST3","794ah","33-34","M",1.14,"LOI","M",NA,1.1,NA,FALSE,33,34
"23","794","RPST3","794ai","34-35","M",1.15,"LOI","M",NA,0.9,NA,FALSE,34,35
"23","794","RPST3","794aj","35-36","M",1.12,"CHN&LOI","M","M",1.1,0.1,FALSE,35,36
"23","794","RPST3","794ak","36-50","E",1.12,NA,"E",NA,1.1,NA,FALSE,36,50
"23","795","RPST4","795a","0-1","M",1.17,"LOI","M",NA,1.7,NA,FALSE,0,1
"23","795","RPST4","795b","1-2","M",1.18,"LOI","M",NA,1.6,NA,FALSE,1,2
"23","795","RPST4","795c","2-3","M",1.19,"LOI","M",NA,1.9,NA,FALSE,2,3
"23","795","RPST4","795d","3-4","M",1.15,"LOI","M",NA,1.9,NA,FALSE,3,4
"23","795","RPST4","795e","4-5","M",1.2,"LOI","M",NA,1.9,NA,FALSE,4,5
"23","795","RPST4","795f","5-6","M",1.2,"LOI","M",NA,2,NA,FALSE,5,6
"23","795","RPST4","795g","6-7","M",1.18,"LOI","M",NA,2,NA,FALSE,6,7
"23","795","RPST4","795h","7-8","M",1.17,"LOI","M",NA,2,NA,FALSE,7,8
"23","795","RPST4","795i","8-9","M",1.17,"LOI","M",NA,1.9,NA,FALSE,8,9
"23","795","RPST4","795j","9-10","M",1.16,"LOI","M",NA,1.9,NA,FALSE,9,10
"23","795","RPST4","795k","10-11","M",1.16,"LOI","M",NA,2,NA,FALSE,10,11
"23","795","RPST4","795l","11-12","M",1.17,"LOI","M",NA,1.8,NA,FALSE,11,12
"23","795","RPST4","795m","12-13","M",1.16,"LOI","M",NA,1.9,NA,FALSE,12,13
"23","795","RPST4","795n","13-14","M",1.17,"LOI","M",NA,1.8,NA,FALSE,13,14
"23","795","RPST4","795o","14-15","M",1.15,"LOI","M",NA,1.5,NA,FALSE,14,15
"23","795","RPST4","795p","15-16","M",1.12,"LOI","M",NA,1.6,NA,FALSE,15,16
"23","795","RPST4","795q","16-17","M",1.15,"LOI","M",NA,1.5,NA,FALSE,16,17
"23","795","RPST4","795r","17-18","M",1.16,"LOI","M",NA,1.3,NA,FALSE,17,18
"23","795","RPST4","795s","18-19","M",1.15,"LOI","M",NA,1.5,NA,FALSE,18,19
"23","795","RPST4","795t","19-20","M",1.15,"LOI","M",NA,1.4,NA,FALSE,19,20
"23","795","RPST4","795u","20-21","M",1.15,"LOI","M",NA,1.2,NA,FALSE,20,21
"23","795","RPST4","795v","21-22","M",1.15,"LOI","M",NA,1.3,NA,FALSE,21,22
"23","795","RPST4","795w","22-23","M",1.15,"LOI","M",NA,1.4,NA,FALSE,22,23
"23","795","RPST4","795x","23-24","M",1.14,"LOI","M",NA,1.4,NA,FALSE,23,24
"23","795","RPST4","795y","24-25","M",1.16,"LOI","M",NA,1.3,NA,FALSE,24,25
"23","795","RPST4","795z","25-26","M",1.17,"LOI","M",NA,1.3,NA,FALSE,25,26
"23","795","RPST4","795aa","26-27","M",1.15,"LOI","M",NA,1.1,NA,FALSE,26,27
"23","795","RPST4","795ab","27-28","M",1.14,"LOI","M",NA,1,NA,FALSE,27,28
"23","795","RPST4","795ac","28-29","M",1.14,"LOI","M",NA,1,NA,FALSE,28,29
"23","795","RPST4","795ad","29-30","M",1.16,"LOI","M",NA,1.1,NA,FALSE,29,30
"23","795","RPST4","795ae","30-31","M",1.17,"LOI","M",NA,1.4,NA,FALSE,30,31
"23","795","RPST4","795af","31-32","M",1.17,"LOI","M",NA,1.1,NA,FALSE,31,32
"23","795","RPST4","795ag","32-33","M",1.16,"LOI","M",NA,1,NA,FALSE,32,33
"23","795","RPST4","795ah","33-34","M",1.18,"LOI","M",NA,1,NA,FALSE,33,34
"23","795","RPST4","795ai","34-35","M",1.16,"LOI","M",NA,1,NA,FALSE,34,35
"23","795","RPST4","795aj","35-50","E",1.16,NA,"E",NA,1,NA,FALSE,35,50
"23","796","RPST5","796a","0-1","M",1.17,"LOI","M",NA,1.6,NA,FALSE,0,1
"23","796","RPST5","796b","1-2","M",1.18,"LOI","M",NA,1.6,NA,FALSE,1,2
"23","796","RPST5","796c","2-3","M",1.19,"LOI","M",NA,1.9,NA,FALSE,2,3
"23","796","RPST5","796d","3-4","M",1.14,"LOI","M",NA,2.2,NA,FALSE,3,4
"23","796","RPST5","796e","4-5","M",1.17,"LOI","M",NA,2.1,NA,FALSE,4,5
"23","796","RPST5","796f","5-6","M",1.2,"LOI","M",NA,2,NA,FALSE,5,6
"23","796","RPST5","796g","6-7","M",1.17,"LOI","M",NA,2.2,NA,FALSE,6,7
"23","796","RPST5","796h","7-8","M",1.17,"LOI","M",NA,2.3,NA,FALSE,7,8
"23","796","RPST5","796i","8-9","M",1.17,"LOI","M",NA,2,NA,FALSE,8,9
"23","796","RPST5","796j","9-10","M",1.17,"LOI","M",NA,1.9,NA,FALSE,9,10
"23","796","RPST5","796k","10-11","M",1.17,"LOI","M",NA,1.9,NA,FALSE,10,11
"23","796","RPST5","796l","11-12","M",1.17,"LOI","M",NA,1.6,NA,FALSE,11,12
"23","796","RPST5","796m","12-13","M",1.16,"LOI","M",NA,1.7,NA,FALSE,12,13
"23","796","RPST5","796n","13-14","M",1.17,"LOI","M",NA,1.8,NA,FALSE,13,14
"23","796","RPST5","796o","14-15","M",1.15,"LOI","M",NA,1.6,NA,FALSE,14,15
"23","796","RPST5","796p","15-16","M",1.19,"LOI","M",NA,1.6,NA,FALSE,15,16
"23","796","RPST5","796q","16-17","M",1.13,"LOI","M",NA,1.6,NA,FALSE,16,17
"23","796","RPST5","796r","17-18","M",1.15,"LOI","M",NA,1.5,NA,FALSE,17,18
"23","796","RPST5","796s","18-19","M",1.16,"LOI","M",NA,1.5,NA,FALSE,18,19
"23","796","RPST5","796t","19-20","M",1.15,"LOI","M",NA,1.3,NA,FALSE,19,20
"23","796","RPST5","796u","20-21","M",1.15,"LOI","M",NA,1.4,NA,FALSE,20,21
"23","796","RPST5","796v","21-22","M",1.15,"LOI","M",NA,1.3,NA,FALSE,21,22
"23","796","RPST5","796w","22-23","M",1.15,"LOI","M",NA,1.3,NA,FALSE,22,23
"23","796","RPST5","796x","23-24","M",1.14,"LOI","M",NA,1.3,NA,FALSE,23,24
"23","796","RPST5","796y","24-25","M",1.16,"LOI","M",NA,1.3,NA,FALSE,24,25
"23","796","RPST5","796z","25-26","M",1.17,"LOI","M",NA,1.1,NA,FALSE,25,26
"23","796","RPST5","796aa","26-27","M",1.15,"LOI","M",NA,1.1,NA,FALSE,26,27
"23","796","RPST5","796ab","27-28","M",1.14,"LOI","M",NA,1.1,NA,FALSE,27,28
"23","796","RPST5","796ac","28-29","M",1.17,"LOI","M",NA,1,NA,FALSE,28,29
"23","796","RPST5","796ad","29-30","M",1.18,"LOI","M",NA,1.3,NA,FALSE,29,30
"23","797","RPIT6","797a","0-1","M",1.12,"CHN&LOI","M","M",2,0.4,FALSE,0,1
"23","797","RPIT6","797b","1-2","M",1.14,"LOI","M",NA,2.1,NA,FALSE,1,2
"23","797","RPIT6","797c","2-3","M",1.16,"CHN&LOI","M","M",2.2,0.5,FALSE,2,3
"23","797","RPIT6","797d","3-4","M",1.1,"LOI","M",NA,1.8,NA,FALSE,3,4
"23","797","RPIT6","797e","4-5","M",1.16,"CHN&LOI","M","M",2,0.3,FALSE,4,5
"23","797","RPIT6","797f","5-6","M",1.13,"LOI","M",NA,2.1,NA,FALSE,5,6
"23","797","RPIT6","797g","6-7","M",1.11,"LOI","M",NA,2.1,NA,FALSE,6,7
"23","797","RPIT6","797h","7-8","M",1.12,"LOI","M",NA,2.2,NA,FALSE,7,8
"23","797","RPIT6","797i","8-9","M",1.15,"CHN&LOI","M","M",2.3,0.2,FALSE,8,9
"23","797","RPIT6","797j","9-10","M",1.1,"LOI","M",NA,2.4,NA,FALSE,9,10
"23","797","RPIT6","797k","10-11","M",1.11,"CHN&LOI","M","M",2.4,0.2,FALSE,10,11
"23","797","RPIT6","797l","11-12","M",1.1,"LOI","M",NA,2.2,NA,FALSE,11,12
"23","797","RPIT6","797m","12-13","M",1.07,"CHN&LOI","M","M",1.8,0.2,FALSE,12,13
"23","797","RPIT6","797n","13-14","M",1.09,"LOI","M",NA,1.8,NA,FALSE,13,14
"23","797","RPIT6","797o","14-15","M",1.1,"CHN&LOI","M","M",1.7,0.1,FALSE,14,15
"23","797","RPIT6","797p","15-16","M",1.09,"LOI","M",NA,1.7,NA,FALSE,15,16
"23","797","RPIT6","797q","16-17","M",1.11,"CHN&LOI","M","M",1.6,0.1,FALSE,16,17
"23","797","RPIT6","797r","17-18","M",1.12,"LOI","M",NA,1.7,NA,FALSE,17,18
"23","797","RPIT6","797s","18-19","M",1.11,"CHN&LOI","M","M",1.7,0.1,FALSE,18,19
"23","797","RPIT6","797t","19-20","M",1.09,"LOI","M",NA,1.7,NA,FALSE,19,20
"23","797","RPIT6","797u","20-21","M",1.1,"CHN&LOI","M","M",1.8,0.1,FALSE,20,21
"23","797","RPIT6","797v","21-22","M",1.11,"LOI","M",NA,1.9,NA,FALSE,21,22
"23","797","RPIT6","797w","22-23","M",1.12,"CHN&LOI","M","M",1.8,0.1,FALSE,22,23
"23","797","RPIT6","797x","23-24","M",1.11,"LOI","M",NA,1.7,NA,FALSE,23,24
"23","797","RPIT6","797y","24-25","M",1.1,"CHN&LOI","M","M",1.6,0.1,FALSE,24,25
"23","797","RPIT6","797z","25-26","M",1.1,"LOI","M",NA,1.6,NA,FALSE,25,26
"23","797","RPIT6","797aa","26-27","M",1.13,"CHN&LOI","M","M",1.5,0.1,FALSE,26,27
"23","797","RPIT6","797ab","27-28","M",1.18,"LOI","M",NA,1.5,NA,FALSE,27,28
"23","797","RPIT6","797ac","28-29","M",1.15,"CHN&LOI","M","M",1.4,0.1,FALSE,28,29
"23","797","RPIT6","797ad","29-30","M",1.09,"LOI","M",NA,1.4,NA,FALSE,29,30
"23","798","GBIT1","798a","0-1","M",1,"LOI","M",NA,1.4,NA,FALSE,0,1
"23","798","GBIT1","798b","1-2","M",1.09,"LOI","M",NA,1.4,NA,FALSE,1,2
"23","798","GBIT1","798c","2-3","M",1.12,"LOI","M",NA,1.3,NA,FALSE,2,3
"23","798","GBIT1","798d","3-4","M",1.12,"LOI","M",NA,1.5,NA,FALSE,3,4
"23","798","GBIT1","798e","4-5","M",1.13,"LOI","M",NA,1.6,NA,FALSE,4,5
"23","798","GBIT1","798f","5-6","M",1.19,"LOI","M",NA,1.4,NA,FALSE,5,6
"23","798","GBIT1","798g","6-7","M",1.22,"LOI","M",NA,1.3,NA,FALSE,6,7
"23","798","GBIT1","798h","7-8","M",1.18,"LOI","M",NA,1.5,NA,FALSE,7,8
"23","798","GBIT1","798i","8-9","M",1.14,"LOI","M",NA,1.6,NA,FALSE,8,9
"23","798","GBIT1","798j","9-10","M",1.11,"LOI","M",NA,1.5,NA,FALSE,9,10
"23","798","GBIT1","798k","10-11","M",1.12,"LOI","M",NA,1.5,NA,FALSE,10,11
"23","798","GBIT1","798l","11-12","M",1.11,"LOI","M",NA,2,NA,FALSE,11,12
"23","798","GBIT1","798m","12-13","M",1.04,"LOI","M",NA,2.1,NA,FALSE,12,13
"23","798","GBIT1","798n","13-14","M",1.02,"LOI","M",NA,2,NA,FALSE,13,14
"23","798","GBIT1","798n","14-15","M",0.99,"LOI","M",NA,1.8,NA,FALSE,14,15
"23","798","GBIT1","798o","15-16","M",1.12,"LOI","M",NA,1.7,NA,FALSE,15,16
"23","798","GBIT1","798p","16-17","M",1.13,"LOI","M",NA,1.7,NA,FALSE,16,17
"23","798","GBIT1","798q","17-18","M",1.1,"LOI","M",NA,1.6,NA,FALSE,17,18
"23","798","GBIT1","798r","18-19","M",1.05,"LOI","M",NA,1.5,NA,FALSE,18,19
"23","798","GBIT1","798s","19-20","M",1.09,"LOI","M",NA,1.7,NA,FALSE,19,20
"23","798","GBIT1","798t","20-21","M",1.08,"LOI","M",NA,1.7,NA,FALSE,20,21
"23","798","GBIT1","798u","21-22","M",1.09,"LOI","M",NA,1.7,NA,FALSE,21,22
"23","798","GBIT1","798v","22-23","M",1.1,"LOI","M",NA,1.8,NA,FALSE,22,23
"23","798","GBIT1","798w","23-24","M",1.09,"LOI","M",NA,1.7,NA,FALSE,23,24
"23","798","GBIT1","798x","24-25","M",1.11,"LOI","M",NA,1.7,NA,FALSE,24,25
"23","798","GBIT1","798y","25-26","M",1.08,"LOI","M",NA,1.7,NA,FALSE,25,26
"23","798","GBIT1","798z","26-27","M",1.05,"LOI","M",NA,1.7,NA,FALSE,26,27
"23","798","GBIT1","798aa","27-28","M",1.09,"LOI","M",NA,1.8,NA,FALSE,27,28
"23","798","GBIT1","798ab","28-29","M",1.13,"LOI","M",NA,1.8,NA,FALSE,28,29
"23","798","GBIT1","798ac","29-30","M",1.07,"LOI","M",NA,1.8,NA,FALSE,29,30
"23","798","GBIT1","798ad","30-31","M",1.05,"LOI","M",NA,1.7,NA,FALSE,30,31
"23","798","GBIT1","798ae","31-32","M",1.13,"LOI","M",NA,1.7,NA,FALSE,31,32
"23","798","GBIT1","798af","32-33","M",1.14,"LOI","M",NA,1.7,NA,FALSE,32,33
"23","798","GBIT1","798ag","33-34","M",1.1,"LOI","M",NA,1.7,NA,FALSE,33,34
"23","798","GBIT1","798ah","34-35","M",0.99,"LOI","M",NA,1.5,NA,FALSE,34,35
"23","798","GBIT1","798ai","35-36","M",1.1,"LOI","M",NA,1.7,NA,FALSE,35,36
"23","798","GBIT1","798aj","36-37","M",1.06,"LOI","M",NA,1.8,NA,FALSE,36,37
"23","798","GBIT1","798ak","37-38","M",1.08,"LOI","M",NA,1.7,NA,FALSE,37,38
"23","798","GBIT1","798al","38-39","M",1.11,"LOI","M",NA,1.7,NA,FALSE,38,39
"23","798","GBIT1","798am","39-50","E",1.11,NA,"E",NA,1.7,NA,FALSE,39,50
"23","799","GBST2","799a","0-1","M",1.13,"LOI","M",NA,1.7,NA,FALSE,0,1
"23","799","GBST2","799b","1-2","M",1.11,"LOI","M",NA,1.7,NA,FALSE,1,2
"23","799","GBST2","799c","2-3","M",1.13,"LOI","M",NA,1.6,NA,FALSE,2,3
"23","799","GBST2","799d","3-4","M",1.13,"LOI","M",NA,1.7,NA,FALSE,3,4
"23","799","GBST2","799e","4-5","M",1.12,"LOI","M",NA,2.5,NA,FALSE,4,5
"23","799","GBST2","799f","5-6","M",1.11,"LOI","M",NA,2.1,NA,FALSE,5,6
"23","799","GBST2","799g","6-7","M",1.11,"LOI","M",NA,2,NA,FALSE,6,7
"23","799","GBST2","799h","7-8","M",1.15,"LOI","M",NA,2.1,NA,FALSE,7,8
"23","799","GBST2","799i","8-9","M",1.15,"LOI","M",NA,2,NA,FALSE,8,9
"23","799","GBST2","799j","9-10","M",1.15,"LOI","M",NA,2.5,NA,FALSE,9,10
"23","799","GBST2","799k","10-11","M",1.17,"LOI","M",NA,3,NA,FALSE,10,11
"23","799","GBST2","799l","11-12","M",1.18,"LOI","M",NA,2.3,NA,FALSE,11,12
"23","799","GBST2","799m","12-13","M",1.17,"LOI","M",NA,1.5,NA,FALSE,12,13
"23","799","GBST2","799n","13-14","M",1.17,"LOI","M",NA,2,NA,FALSE,13,14
"23","799","GBST2","799n","14-15","M",1.12,"LOI","M",NA,2.5,NA,FALSE,14,15
"23","799","GBST2","799o","15-16","M",1.15,"LOI","M",NA,2.9,NA,FALSE,15,16
"23","799","GBST2","799p","16-17","M",1.14,"LOI","M",NA,2.8,NA,FALSE,16,17
"23","799","GBST2","799q","17-18","M",1.14,"LOI","M",NA,2.7,NA,FALSE,17,18
"23","799","GBST2","799r","18-19","M",1.13,"LOI","M",NA,2.8,NA,FALSE,18,19
"23","799","GBST2","799s","19-20","M",1.1,"LOI","M",NA,2.4,NA,FALSE,19,20
"23","799","GBST2","799t","20-21","M",1.13,"LOI","M",NA,2.1,NA,FALSE,20,21
"23","799","GBST2","799u","21-22","M",1.13,"LOI","M",NA,2.1,NA,FALSE,21,22
"23","799","GBST2","799v","22-23","M",1.14,"LOI","M",NA,2.1,NA,FALSE,22,23
"23","799","GBST2","799w","23-24","M",1.13,"LOI","M",NA,2.1,NA,FALSE,23,24
"23","799","GBST2","799x","24-25","M",1.23,"LOI","M",NA,2.2,NA,FALSE,24,25
"23","799","GBST2","799y","25-26","M",1.21,"LOI","M",NA,2,NA,FALSE,25,26
"23","799","GBST2","799z","26-27","M",1.21,"LOI","M",NA,2.2,NA,FALSE,26,27
"23","799","GBST2","799aa","27-28","M",1.3,"LOI","M",NA,2,NA,FALSE,27,28
"23","799","GBST2","799ab","28-29","M",1.27,"LOI","M",NA,1.8,NA,FALSE,28,29
"23","799","GBST2","799ac","29-30","M",1.21,"LOI","M",NA,1.9,NA,FALSE,29,30
"23","800","GBST3","800a","0-1","M",1.14,"CHN&LOI","M","M",1.6,0.2,FALSE,0,1
"23","800","GBST3","800b","1-2","M",1.11,"LOI","M",NA,1.7,NA,FALSE,1,2
"23","800","GBST3","800c","2-3","M",1.11,"CHN&LOI","M","M",1.7,0.2,FALSE,2,3
"23","800","GBST3","800d","3-4","M",1.08,"LOI","M",NA,1.7,NA,FALSE,3,4
"23","800","GBST3","800e","4-5","M",1.1,"CHN&LOI","M","M",1.7,0.3,FALSE,4,5
"23","800","GBST3","800f","5-6","M",1.1,"LOI","M",NA,1.9,NA,FALSE,5,6
"23","800","GBST3","800g","6-7","M",1.07,"CHN&LOI","M","M",1.9,0.4,FALSE,6,7
"23","800","GBST3","800h","7-8","M",1.13,"LOI","M",NA,2,NA,FALSE,7,8
"23","800","GBST3","800i","8-9","M",1.13,"CHN&LOI","M","M",2.1,0.3,FALSE,8,9
"23","800","GBST3","800j","9-10","M",1.14,"LOI","M",NA,2.1,NA,FALSE,9,10
"23","800","GBST3","800k","10-11","M",1.16,"LOI","M",NA,2.3,NA,FALSE,10,11
"23","800","GBST3","800l","11-12","M",1.19,"LOI","M",NA,1.9,NA,FALSE,11,12
"23","800","GBST3","800m","12-13","M",1.15,"CHN&LOI","M","M",2,0.3,FALSE,12,13
"23","800","GBST3","800n","13-14","M",1.18,"LOI","M",NA,2,NA,FALSE,13,14
"23","800","GBST3","800n","14-15","M",1.11,"LOI","M",NA,2,NA,FALSE,14,15
"23","800","GBST3","800o","15-16","M",1.13,"LOI","M",NA,2.1,NA,FALSE,15,16
"23","800","GBST3","800p","16-17","M",1.11,"CHN&LOI","M","M",1.9,0.4,FALSE,16,17
"23","800","GBST3","800q","17-18","M",1.15,"LOI","M",NA,2,NA,FALSE,17,18
"23","800","GBST3","800r","18-19","M",1.14,"LOI","M",NA,2.2,NA,FALSE,18,19
"23","800","GBST3","800s","19-20","M",1.11,"LOI","M",NA,2.3,NA,FALSE,19,20
"23","800","GBST3","800t","20-21","M",1.09,"CHN&LOI","M","M",2.1,0.4,FALSE,20,21
"23","800","GBST3","800u","21-22","M",1.11,"LOI","M",NA,2.2,NA,FALSE,21,22
"23","800","GBST3","800v","22-23","M",1.18,"LOI","M",NA,2.1,NA,FALSE,22,23
"23","800","GBST3","800w","23-24","M",1.21,"LOI","M",NA,2.1,NA,FALSE,23,24
"23","800","GBST3","800x","24-25","M",1.13,"CHN&LOI","M","M",2,0.4,FALSE,24,25
"23","800","GBST3","800y","25-26","M",1.22,"LOI","M",NA,2.5,NA,FALSE,25,26
"23","800","GBST3","800z","26-27","M",1.21,"LOI","M",NA,2.3,NA,FALSE,26,27
"23","800","GBST3","800aa","27-28","M",1.23,"LOI","M",NA,1.6,NA,FALSE,27,28
"23","800","GBST3","800ab","28-29","M",1.22,"CHN&LOI","M","M",1.9,0.4,FALSE,28,29
"23","800","GBST3","800ac","29-30","M",1.2,"LOI","M",NA,1.4,NA,FALSE,29,30
"23","800","GBST3","800ad","30-31","M",1.23,"LOI","M",NA,1.7,NA,FALSE,30,31
"23","800","GBST3","800ae","31-32","M",1.22,"LOI","M",NA,1.4,NA,FALSE,31,32
"23","800","GBST3","800af","32-33","M",1.23,"CHN&LOI","M","M",1.8,0.3,FALSE,32,33
"23","800","GBST3","800ag","33-34","M",1.24,"LOI","M",NA,1.8,NA,FALSE,33,34
"23","800","GBST3","800ah","34-35","M",1.24,"LOI","M",NA,1.9,NA,FALSE,34,35
"23","800","GBST3","800ai","35-36","M",1.26,"LOI","M",NA,1.6,NA,FALSE,35,36
"23","800","GBST3","800aj","36-37","M",1.24,"CHN&LOI","M","M",1.9,0.4,FALSE,36,37
"23","800","GBST3","800ak","37-38","M",1.16,"LOI","M",NA,2,NA,FALSE,37,38
"23","800","GBST3","800al","38-39","M",1.17,"LOI","M",NA,2.1,NA,FALSE,38,39
"23","800","GBST3","800am","39-40","M",1.26,"LOI","M",NA,2.9,NA,FALSE,39,40
"23","800","GBST3","800an","40-41","M",1.25,"LOI","M",NA,1.8,NA,FALSE,40,41
"23","800","GBST3","800ao","41-42","M",1.2,"LOI","M",NA,1.2,NA,FALSE,41,42
"23","800","GBST3","800ap","42-43","M",1.22,"CHN&LOI","M","M",1.2,0.3,FALSE,42,43
"23","800","GBST3","800aq","43-50","E",1.22,NA,"E",NA,1.2,NA,FALSE,43,50
"23","801","GBIT4","801a","0-1","M",1.13,"CHN&LOI","M","M",1.7,0.4,FALSE,0,1
"23","801","GBIT4","801b","1-2","M",1.17,"LOI","M",NA,1.6,NA,FALSE,1,2
"23","801","GBIT4","801c","2-3","M",1.15,"CHN&LOI","M","M",1.5,0.5,FALSE,2,3
"23","801","GBIT4","801d","3-4","M",1.11,"LOI","M",NA,1.5,NA,FALSE,3,4
"23","801","GBIT4","801e","4-5","M",1.21,"CHN&LOI","M","M",1.6,0.2,FALSE,4,5
"23","801","GBIT4","801f","5-6","M",1.14,"LOI","M",NA,1.6,NA,FALSE,5,6
"23","801","GBIT4","801g","6-7","M",1.17,"LOI","M",NA,1.5,NA,FALSE,6,7
"23","801","GBIT4","801h","7-8","M",1.19,"LOI","M",NA,1.6,NA,FALSE,7,8
"23","801","GBIT4","801i","8-9","M",1.19,"CHN&LOI","M","M",1.6,0.3,FALSE,8,9
"23","801","GBIT4","801j","9-10","M",1.18,"LOI","M",NA,1.9,NA,FALSE,9,10
"23","801","GBIT4","801k","10-11","M",1.16,"LOI","M",NA,1.8,NA,FALSE,10,11
"23","801","GBIT4","801l","11-12","M",1.19,"LOI","M",NA,1.8,NA,FALSE,11,12
"23","801","GBIT4","801m","12-13","M",1.19,"CHN&LOI","M","M",1.7,0.3,FALSE,12,13
"23","801","GBIT4","801n","13-14","M",1.17,"LOI","M",NA,1.6,NA,FALSE,13,14
"23","801","GBIT4","801n","14-15","M",1.2,"CHN&LOI","M","M",1.7,0.3,FALSE,14,15
"23","801","GBIT4","801o","15-16","M",1.14,"LOI","M",NA,1.7,NA,FALSE,15,16
"23","801","GBIT4","801p","16-17","M",1.11,"CHN&LOI","M","M",1.7,0.4,FALSE,16,17
"23","801","GBIT4","801q","17-18","M",1.1,"LOI","M",NA,1.7,NA,FALSE,17,18
"23","801","GBIT4","801r","18-19","M",1.18,"LOI","M",NA,1.8,NA,FALSE,18,19
"23","801","GBIT4","801s","19-20","M",1.17,"LOI","M",NA,1.6,NA,FALSE,19,20
"23","801","GBIT4","801t","20-21","M",1.17,"CHN&LOI","M","M",1.8,0.4,FALSE,20,21
"23","801","GBIT4","801u","21-22","M",1.2,"LOI","M",NA,1.7,NA,FALSE,21,22
"23","801","GBIT4","801v","22-23","M",1.21,"LOI","M",NA,1.9,NA,FALSE,22,23
"23","801","GBIT4","801w","23-24","M",1.21,"LOI","M",NA,1.6,NA,FALSE,23,24
"23","801","GBIT4","801x","24-25","M",1.19,"CHN&LOI","M","M",1.6,0.4,FALSE,24,25
"23","801","GBIT4","801y","25-26","M",1.16,"LOI","M",NA,1.6,NA,FALSE,25,26
"23","801","GBIT4","801z","26-27","M",1.17,"LOI","M",NA,1.6,NA,FALSE,26,27
"23","801","GBIT4","801aa","27-28","M",1.18,"LOI","M",NA,1.3,NA,FALSE,27,28
"23","801","GBIT4","801ab","28-29","M",1.19,"LOI","M",NA,1.4,NA,FALSE,28,29
"23","801","GBIT4","801ac","29-30","M",1.17,"LOI","M",NA,1.5,NA,FALSE,29,30
"23","801","GBIT4","801ad","30-31","M",1.19,"LOI","M",NA,1.5,NA,FALSE,30,31
"23","801","GBIT4","801ae","31-32","M",1.16,"LOI","M",NA,1.6,NA,FALSE,31,32
"23","801","GBIT4","801af","32-33","M",1.15,"CHN&LOI","M","M",1.6,0.5,FALSE,32,33
"23","801","GBIT4","801ag","33-34","M",1.16,"LOI","M",NA,1.6,NA,FALSE,33,34
"23","801","GBIT4","801ah","34-35","M",1.16,"LOI","M",NA,1.7,NA,FALSE,34,35
"23","801","GBIT4","801ai","35-36","M",1.19,"LOI","M",NA,1.6,NA,FALSE,35,36
"23","801","GBIT4","801aj","36-37","M",1.19,"CHN&LOI","M","M",1.8,0.3,FALSE,36,37
"23","801","GBIT4","801ak","37-38","M",1.14,"LOI","M",NA,1.6,NA,FALSE,37,38
"23","801","GBIT4","801al","38-39","M",1.16,"LOI","M",NA,1.7,NA,FALSE,38,39
"23","801","GBIT4","801am","39-40","M",1.17,"LOI","M",NA,1.8,NA,FALSE,39,40
"23","801","GBIT4","801an","40-41","M",1.15,"CHN&LOI","M","M",1.8,0.3,FALSE,40,41
"23","801","GBIT4","801ao","41-42","M",1.13,"LOI","M",NA,1.8,NA,FALSE,41,42
"23","801","GBIT4","801ap","42-43","M",1.16,"LOI","M",NA,1.9,NA,FALSE,42,43
"23","801","GBIT4","801aq","43-44","M",1.15,"LOI","M",NA,1.8,NA,FALSE,43,44
"23","801","GBIT4","801ar","44-45","M",1.19,"CHN&LOI","M","M",1.6,0.3,FALSE,44,45
"23","801","GBIT4","801as","45-46","M",1.16,"LOI","M",NA,1.8,NA,FALSE,45,46
"23","801","GBIT4","801at","46-47","M",1.18,"CHN&LOI","M","M",1.7,0.3,FALSE,46,47
"23","801","GBIT4","801au","47-50","E",1.18,NA,"E",NA,1.7,NA,FALSE,47,50
"23","802","GBIT5","802a","0-1","M",1.3,"LOI","M",NA,1.6,NA,FALSE,0,1
"23","802","GBIT5","802b","1-2","M",1.15,"LOI","M",NA,1.5,NA,FALSE,1,2
"23","802","GBIT5","802c","2-3","M",1.12,"LOI","M",NA,1.4,NA,FALSE,2,3
"23","802","GBIT5","802d","3-4","M",1.18,"LOI","M",NA,1.5,NA,FALSE,3,4
"23","802","GBIT5","802e","4-5","M",1.19,"LOI","M",NA,1.5,NA,FALSE,4,5
"23","802","GBIT5","802f","5-6","M",1.16,"LOI","M",NA,1.5,NA,FALSE,5,6
"23","802","GBIT5","802g","6-7","M",1.15,"LOI","M",NA,1.4,NA,FALSE,6,7
"23","802","GBIT5","802h","7-8","M",1.19,"LOI","M",NA,1.7,NA,FALSE,7,8
"23","802","GBIT5","802i","8-9","M",1.12,"LOI","M",NA,1.6,NA,FALSE,8,9
"23","802","GBIT5","802j","9-10","M",1.17,"LOI","M",NA,1.7,NA,FALSE,9,10
"23","802","GBIT5","802k","10-11","M",1.15,"LOI","M",NA,1.6,NA,FALSE,10,11
"23","802","GBIT5","802l","11-12","M",1.14,"LOI","M",NA,2,NA,FALSE,11,12
"23","802","GBIT5","802m","12-13","M",1.14,"LOI","M",NA,1.9,NA,FALSE,12,13
"23","802","GBIT5","802n","13-14","M",1.11,"LOI","M",NA,1.8,NA,FALSE,13,14
"23","802","GBIT5","802n","14-15","M",1.04,"LOI","M",NA,1.7,NA,FALSE,14,15
"23","802","GBIT5","802o","15-16","M",1.18,"LOI","M",NA,1.6,NA,FALSE,15,16
"23","802","GBIT5","802p","16-17","M",0.94,"LOI","M",NA,1.7,NA,FALSE,16,17
"23","802","GBIT5","802q","17-18","M",1.1,"LOI","M",NA,1.6,NA,FALSE,17,18
"23","802","GBIT5","802r","18-19","M",1.13,"LOI","M",NA,1.6,NA,FALSE,18,19
"23","802","GBIT5","802s","19-20","M",1.11,"LOI","M",NA,1.6,NA,FALSE,19,20
"23","802","GBIT5","802t","20-21","M",0.99,"LOI","M",NA,1.7,NA,FALSE,20,21
"23","802","GBIT5","802u","21-22","M",1.13,"LOI","M",NA,1.7,NA,FALSE,21,22
"23","802","GBIT5","802v","22-23","M",1.24,"LOI","M",NA,1.9,NA,FALSE,22,23
"23","802","GBIT5","802w","23-24","M",1.21,"LOI","M",NA,1.7,NA,FALSE,23,24
"23","802","GBIT5","802x","24-25","M",1.15,"LOI","M",NA,1.7,NA,FALSE,24,25
"23","802","GBIT5","802y","25-26","M",1.15,"LOI","M",NA,1.7,NA,FALSE,25,26
"23","802","GBIT5","802z","26-27","M",1.07,"LOI","M",NA,1.6,NA,FALSE,26,27
"23","802","GBIT5","802aa","27-28","M",1.1,"LOI","M",NA,1.6,NA,FALSE,27,28
"23","802","GBIT5","802ab","28-29","M",1.1,"LOI","M",NA,1.9,NA,FALSE,28,29
"23","802","GBIT5","802ac","29-30","M",1.14,"LOI","M",NA,1.7,NA,FALSE,29,30
"23","802","GBIT5","802ad","30-31","M",1.16,"LOI","M",NA,1.6,NA,FALSE,30,31
"23","802","GBIT5","802ae","31-32","M",1.12,"LOI","M",NA,1.8,NA,FALSE,31,32
"23","802","GBIT5","802af","32-33","M",1.14,"LOI","M",NA,1.6,NA,FALSE,32,33
"23","802","GBIT5","802ag","33-34","M",1.18,"LOI","M",NA,1.6,NA,FALSE,33,34
"23","802","GBIT5","802ah","34-35","M",1.29,"LOI","M",NA,1.7,NA,FALSE,34,35
"23","802","GBIT5","802ai","35-50","E",1.29,NA,"E",NA,1.7,NA,FALSE,35,50
"23","803","GBST6","803a","0-1","M",1.13,"LOI","M",NA,1.8,NA,FALSE,0,1
"23","803","GBST6","803b","1-2","M",1.11,"LOI","M",NA,1.7,NA,FALSE,1,2
"23","803","GBST6","803c","2-3","M",1.12,"LOI","M",NA,1.5,NA,FALSE,2,3
"23","803","GBST6","803d","3-4","M",1.14,"LOI","M",NA,1.8,NA,FALSE,3,4
"23","803","GBST6","803e","4-5","M",1.11,"LOI","M",NA,1.8,NA,FALSE,4,5
"23","803","GBST6","803f","5-6","M",1.11,"LOI","M",NA,1.7,NA,FALSE,5,6
"23","803","GBST6","803g","6-7","M",1.11,"LOI","M",NA,1.8,NA,FALSE,6,7
"23","803","GBST6","803h","7-8","M",1.15,"LOI","M",NA,1.9,NA,FALSE,7,8
"23","803","GBST6","803i","8-9","M",1.16,"LOI","M",NA,2.2,NA,FALSE,8,9
"23","803","GBST6","803j","9-10","M",1.17,"LOI","M",NA,2.9,NA,FALSE,9,10
"23","803","GBST6","803k","10-11","M",1.18,"LOI","M",NA,3.1,NA,FALSE,10,11
"23","803","GBST6","803l","11-12","M",1.17,"LOI","M",NA,2.9,NA,FALSE,11,12
"23","803","GBST6","803m","12-13","M",1.19,"LOI","M",NA,1,NA,FALSE,12,13
"23","803","GBST6","803n","13-14","M",1.17,"LOI","M",NA,2.1,NA,FALSE,13,14
"23","803","GBST6","803n","14-15","M",1.11,"LOI","M",NA,3.6,NA,FALSE,14,15
"23","803","GBST6","803o","15-16","M",1.15,"LOI","M",NA,3.1,NA,FALSE,15,16
"23","803","GBST6","803p","16-17","M",1.13,"LOI","M",NA,3.1,NA,FALSE,16,17
"23","803","GBST6","803q","17-18","M",1.11,"LOI","M",NA,3,NA,FALSE,17,18
"23","803","GBST6","803r","18-19","M",1.14,"LOI","M",NA,2.9,NA,FALSE,18,19
"23","803","GBST6","803s","19-20","M",1.1,"LOI","M",NA,2.6,NA,FALSE,19,20
"23","803","GBST6","803t","20-21","M",1.14,"LOI","M",NA,2.2,NA,FALSE,20,21
"23","803","GBST6","803u","21-22","M",1.15,"LOI","M",NA,2.1,NA,FALSE,21,22
"23","803","GBST6","803v","22-23","M",1.19,"LOI","M",NA,2.1,NA,FALSE,22,23
"23","803","GBST6","803w","23-24","M",1.21,"LOI","M",NA,2.1,NA,FALSE,23,24
"23","803","GBST6","803x","24-25","M",1.21,"LOI","M",NA,2.1,NA,FALSE,24,25
"23","803","GBST6","803y","25-26","M",1.21,"LOI","M",NA,2,NA,FALSE,25,26
"23","803","GBST6","803z","26-27","M",1.22,"LOI","M",NA,1.9,NA,FALSE,26,27
"23","803","GBST6","803aa","27-28","M",1.23,"LOI","M",NA,1.8,NA,FALSE,27,28
"23","803","GBST6","803ab","28-29","M",1.24,"LOI","M",NA,1.8,NA,FALSE,28,29
"23","803","GBST6","803ac","29-30","M",1.19,"LOI","M",NA,1.9,NA,FALSE,29,30
"23","803","GBST6","803ad","30-31","M",1.2,"LOI","M",NA,1.9,NA,FALSE,30,31
"23","803","GBST6","803ae","31-32","M",1.21,"LOI","M",NA,2,NA,FALSE,31,32
"23","803","GBST6","803af","32-33","M",1.22,"LOI","M",NA,2,NA,FALSE,32,33
"23","803","GBST6","803ag","33-34","M",1.23,"LOI","M",NA,2.1,NA,FALSE,33,34
"23","803","GBST6","803ah","34-35","M",1.25,"LOI","M",NA,2.6,NA,FALSE,34,35
"23","803","GBST6","803ai","35-36","M",1.21,"LOI","M",NA,2.8,NA,FALSE,35,36
"23","803","GBST6","803aj","36-37","M",1.21,"LOI","M",NA,2.9,NA,FALSE,36,37
"23","803","GBST6","803ak","37-38","M",1.23,"LOI","M",NA,2.5,NA,FALSE,37,38
"23","803","GBST6","803al","38-39","M",1.23,"LOI","M",NA,2.1,NA,FALSE,38,39
"23","803","GBST6","803am","39-40","M",1.23,"LOI","M",NA,2,NA,FALSE,39,40
"23","803","GBST6","803an","40-50","E",1.23,NA,"E",NA,2,NA,FALSE,40,50
"23","804","KCST1","804a","0-1","M",0.99,"LOI","M",NA,4.4,NA,FALSE,0,1
"23","804","KCST1","804b","1-2","M",0.89,"LOI","M",NA,4.5,NA,FALSE,1,2
"23","804","KCST1","804c","2-3","M",1.02,"LOI","M",NA,4.1,NA,FALSE,2,3
"23","804","KCST1","804d","3-4","M",1.13,"LOI","M",NA,3.8,NA,FALSE,3,4
"23","804","KCST1","804e","4-5","M",1.27,"LOI","M",NA,3.5,NA,FALSE,4,5
"23","804","KCST1","804f","5-6","M",1.3,"LOI","M",NA,3.7,NA,FALSE,5,6
"23","804","KCST1","804g","6-7","M",1.3,"LOI","M",NA,4.1,NA,FALSE,6,7
"23","804","KCST1","804h","7-8","M",1.26,"LOI","M",NA,3.6,NA,FALSE,7,8
"23","804","KCST1","804i","8-9","M",1.3,"LOI","M",NA,3.5,NA,FALSE,8,9
"23","804","KCST1","804j","9-10","M",1.32,"LOI","M",NA,3.1,NA,FALSE,9,10
"23","804","KCST1","804k","10-11","M",1.19,"LOI","M",NA,3.8,NA,FALSE,10,11
"23","804","KCST1","804l","11-12","M",1.31,"LOI","M",NA,3,NA,FALSE,11,12
"23","804","KCST1","804m","12-13","M",1.4,"LOI","M",NA,2.4,NA,FALSE,12,13
"23","804","KCST1","804n","13-14","M",1.49,"LOI","M",NA,2.8,NA,FALSE,13,14
"23","804","KCST1","804n","14-15","M",1.4,"LOI","M",NA,4,NA,FALSE,14,15
"23","804","KCST1","804o","15-16","M",1.38,"LOI","M",NA,2.6,NA,FALSE,15,16
"23","804","KCST1","804p","16-17","M",1.38,"LOI","M",NA,3,NA,FALSE,16,17
"23","804","KCST1","804q","17-18","M",1.42,"LOI","M",NA,3,NA,FALSE,17,18
"23","804","KCST1","804r","18-19","M",1.49,"LOI","M",NA,2.6,NA,FALSE,18,19
"23","804","KCST1","804s","19-20","M",1.51,"LOI","M",NA,2.6,NA,FALSE,19,20
"23","804","KCST1","804t","20-21","M",1.51,"LOI","M",NA,2.2,NA,FALSE,20,21
"23","804","KCST1","804u","21-22","M",1.54,"LOI","M",NA,2.7,NA,FALSE,21,22
"23","804","KCST1","804v","22-23","M",1.59,"LOI","M",NA,2.3,NA,FALSE,22,23
"23","804","KCST1","804w","23-24","M",1.46,"LOI","M",NA,2.2,NA,FALSE,23,24
"23","804","KCST1","804x","24-25","M",1.49,"LOI","M",NA,2.2,NA,FALSE,24,25
"23","804","KCST1","804y","25-26","M",1.59,"LOI","M",NA,2.3,NA,FALSE,25,26
"23","804","KCST1","804z","26-27","M",1.59,"LOI","M",NA,2,NA,FALSE,26,27
"23","804","KCST1","804aa","27-28","M",1.13,"LOI","M",NA,2.3,NA,FALSE,27,28
"23","804","KCST1","804ab","28-29","M",1.47,"LOI","M",NA,2.3,NA,FALSE,28,29
"23","804","KCST1","804ac","29-30","M",1.39,"LOI","M",NA,2.2,NA,FALSE,29,30
"23","805","KCST2","805a","0-1","M",0.9,"LOI","M",NA,4.4,NA,FALSE,0,1
"23","805","KCST2","805b","1-2","M",0.9,"LOI","M",NA,4.2,NA,FALSE,1,2
"23","805","KCST2","805c","2-3","M",1.06,"LOI","M",NA,3.9,NA,FALSE,2,3
"23","805","KCST2","805d","3-4","M",1.21,"LOI","M",NA,3.7,NA,FALSE,3,4
"23","805","KCST2","805e","4-5","M",1.19,"LOI","M",NA,3.4,NA,FALSE,4,5
"23","805","KCST2","805f","5-6","M",1.31,"LOI","M",NA,3.6,NA,FALSE,5,6
"23","805","KCST2","805g","6-7","M",1.2,"LOI","M",NA,4,NA,FALSE,6,7
"23","805","KCST2","805h","7-8","M",1.38,"LOI","M",NA,3.4,NA,FALSE,7,8
"23","805","KCST2","805i","8-9","M",1.39,"LOI","M",NA,3.1,NA,FALSE,8,9
"23","805","KCST2","805j","9-10","M",1.37,"LOI","M",NA,3.5,NA,FALSE,9,10
"23","805","KCST2","805k","10-11","M",1.28,"LOI","M",NA,3.9,NA,FALSE,10,11
"23","805","KCST2","805l","11-12","M",1.49,"LOI","M",NA,3,NA,FALSE,11,12
"23","805","KCST2","805m","12-13","M",1.37,"LOI","M",NA,2.7,NA,FALSE,12,13
"23","805","KCST2","805n","13-14","M",1.47,"LOI","M",NA,2.5,NA,FALSE,13,14
"23","805","KCST2","805n","14-15","M",1.4,"LOI","M",NA,3,NA,FALSE,14,15
"23","805","KCST2","805o","15-16","M",1.37,"LOI","M",NA,2.7,NA,FALSE,15,16
"23","805","KCST2","805p","16-17","M",1.33,"LOI","M",NA,3,NA,FALSE,16,17
"23","805","KCST2","805q","17-18","M",1.39,"LOI","M",NA,3,NA,FALSE,17,18
"23","805","KCST2","805r","18-19","M",1.5,"LOI","M",NA,2.9,NA,FALSE,18,19
"23","805","KCST2","805s","19-20","M",1.59,"LOI","M",NA,2.6,NA,FALSE,19,20
"23","805","KCST2","805t","20-21","M",1.49,"LOI","M",NA,2.3,NA,FALSE,20,21
"23","805","KCST2","805u","21-22","M",1.55,"LOI","M",NA,2.2,NA,FALSE,21,22
"23","805","KCST2","805v","22-23","M",1.5,"LOI","M",NA,2.4,NA,FALSE,22,23
"23","805","KCST2","805w","23-24","M",1.64,"LOI","M",NA,2.3,NA,FALSE,23,24
"23","805","KCST2","805x","24-25","M",1.5,"LOI","M",NA,2.3,NA,FALSE,24,25
"23","805","KCST2","805y","25-26","M",1.56,"LOI","M",NA,2.1,NA,FALSE,25,26
"23","805","KCST2","805z","26-27","M",1.49,"LOI","M",NA,2.2,NA,FALSE,26,27
"23","805","KCST2","805aa","27-28","M",1.36,"LOI","M",NA,2.3,NA,FALSE,27,28
"23","805","KCST2","805ab","28-29","M",1.41,"LOI","M",NA,2.2,NA,FALSE,28,29
"23","805","KCST2","805ac","29-30","M",1.4,"LOI","M",NA,2.4,NA,FALSE,29,30
"23","806","KCST3","806a","0-1","M",0.96,"CHN&LOI","M","M",4.4,1.1,FALSE,0,1
"23","806","KCST3","806b","1-2","M",0.84,"LOI","M",NA,4.7,NA,FALSE,1,2
"23","806","KCST3","806c","2-3","M",1.1,"CHN&LOI","M","M",4.1,0.9,FALSE,2,3
"23","806","KCST3","806d","3-4","M",1.15,"LOI","M",NA,3.6,NA,FALSE,3,4
"23","806","KCST3","806e","4-5","M",1.17,"CHN&LOI","M","M",3.7,0.9,FALSE,4,5
"23","806","KCST3","806f","5-6","M",1.3,"LOI","M",NA,3.7,NA,FALSE,5,6
"23","806","KCST3","806g","6-7","M",1.13,"CHN&LOI","M","M",4.1,0.9,FALSE,6,7
"23","806","KCST3","806h","7-8","M",1.22,"LOI","M",NA,3.6,NA,FALSE,7,8
"23","806","KCST3","806i","8-9","M",1.38,"CHN&LOI","M","M",3.1,1.2,FALSE,8,9
"23","806","KCST3","806j","9-10","M",1.32,"LOI","M",NA,3.1,NA,FALSE,9,10
"23","806","KCST3","806k","10-11","M",1.19,"CHN&LOI","M","M",3.9,1.1,FALSE,10,11
"23","806","KCST3","806l","11-12","M",1.41,"LOI","M",NA,2.8,NA,FALSE,11,12
"23","806","KCST3","806m","12-13","M",1.42,"LOI","M",NA,2.6,NA,FALSE,12,13
"23","806","KCST3","806n","13-14","M",1.57,"LOI","M",NA,2.9,NA,FALSE,13,14
"23","806","KCST3","806n","14-15","M",1.38,"LOI","M",NA,3.1,NA,FALSE,14,15
"23","806","KCST3","806o","15-16","M",1.37,"LOI","M",NA,2.6,NA,FALSE,15,16
"23","806","KCST3","806p","16-17","M",1.33,"LOI","M",NA,3,NA,FALSE,16,17
"23","806","KCST3","806q","17-18","M",1.44,"LOI","M",NA,3,NA,FALSE,17,18
"23","806","KCST3","806r","18-19","M",1.56,"LOI","M",NA,2.5,NA,FALSE,18,19
"23","806","KCST3","806s","19-20","M",1.64,"LOI","M",NA,2.5,NA,FALSE,19,20
"23","806","KCST3","806t","20-21","M",1.47,"LOI","M",NA,2.4,NA,FALSE,20,21
"23","806","KCST3","806u","21-22","M",1.55,"LOI","M",NA,2.2,NA,FALSE,21,22
"23","806","KCST3","806v","22-23","M",1.47,"LOI","M",NA,2.3,NA,FALSE,22,23
"23","806","KCST3","806w","23-24","M",1.43,"LOI","M",NA,2.3,NA,FALSE,23,24
"23","806","KCST3","806x","24-25","M",1.49,"LOI","M",NA,2.5,NA,FALSE,24,25
"23","806","KCST3","806y","25-26","M",1.68,"LOI","M",NA,2.1,NA,FALSE,25,26
"23","806","KCST3","806z","26-27","M",1.51,"LOI","M",NA,2.2,NA,FALSE,26,27
"23","806","KCST3","806aa","27-28","M",1.46,"LOI","M",NA,2.3,NA,FALSE,27,28
"23","806","KCST3","806ab","28-29","M",1.43,"LOI","M",NA,2.3,NA,FALSE,28,29
"23","806","KCST3","806ac","29-30","M",1.34,"LOI","M",NA,2.4,NA,FALSE,29,30
"23","806","KCST3","806ad","30-31","M",1.34,"LOI","M",NA,2.5,NA,FALSE,30,31
"23","806","KCST3","806ae","31-32","M",1.44,"LOI","M",NA,2.4,NA,FALSE,31,32
"23","806","KCST3","806af","32-33","M",1.48,"LOI","M",NA,2.5,NA,FALSE,32,33
"23","806","KCST3","806ag","33-34","M",1.34,"LOI","M",NA,2.7,NA,FALSE,33,34
"23","806","KCST3","806ah","34-35","M",1.47,"LOI","M",NA,2.7,NA,FALSE,34,35
"23","806","KCST3","806ai","35-36","M",1.46,"LOI","M",NA,2.7,NA,FALSE,35,36
"23","806","KCST3","806aj","36-37","M",1.36,"LOI","M",NA,2.5,NA,FALSE,36,37
"23","806","KCST3","806ak","37-38","M",1.41,"LOI","M",NA,2.3,NA,FALSE,37,38
"23","806","KCST3","806al","38-39","M",1.41,"LOI","M",NA,2.2,NA,FALSE,38,39
"23","806","KCST3","806am","39-50","E",1.41,NA,"E",NA,2.2,NA,FALSE,39,50
"23","807","KCIT4","807a","0-1","M",0.92,"CHN&LOI","M",NA,3.3,0.8,FALSE,0,1
"23","807","KCIT4","807b","1-2","M",1.06,"LOI","M",NA,2.9,NA,FALSE,1,2
"23","807","KCIT4","807c","2-3","M",1.06,"CHN&LOI","M",NA,3.3,0.8,FALSE,2,3
"23","807","KCIT4","807d","3-4","M",1.14,"LOI","M",NA,2.8,NA,FALSE,3,4
"23","807","KCIT4","807e","4-5","M",1.02,"CHN&LOI","M",NA,3.6,1.4,FALSE,4,5
"23","807","KCIT4","807f","5-6","M",1.06,"LOI","M",NA,3.7,NA,FALSE,5,6
"23","807","KCIT4","807g","6-7","M",1,"CHN&LOI","M",NA,3.6,1.1,FALSE,6,7
"23","807","KCIT4","807h","7-8","M",0.91,"LOI","M",NA,4.1,NA,FALSE,7,8
"23","807","KCIT4","807i","8-9","M",0.96,"CHN&LOI","M",NA,4,1.2,FALSE,8,9
"23","807","KCIT4","807j","9-10","M",1.03,"LOI","M",NA,3.3,NA,FALSE,9,10
"23","807","KCIT4","807k","10-11","M",1.15,"CHN&LOI","M",NA,3,0.7,FALSE,10,11
"23","807","KCIT4","807l","11-12","M",1.1,"LOI","M",NA,3.2,NA,FALSE,11,12
"23","807","KCIT4","807m","12-13","M",1.04,"CHN&LOI","M",NA,2.9,0.8,FALSE,12,13
"23","807","KCIT4","807n","13-14","M",1.22,"LOI","M",NA,2.3,NA,FALSE,13,14
"23","807","KCIT4","807n","14-15","M",1.28,"CHN&LOI","M",NA,2.1,0.6,FALSE,14,15
"23","807","KCIT4","807o","15-16","M",1.46,"LOI","M",NA,2.4,NA,FALSE,15,16
"23","807","KCIT4","807p","16-17","M",1.27,"CHN&LOI","M",NA,2.7,0.7,FALSE,16,17
"23","807","KCIT4","807q","17-18","M",1.43,"LOI","M",NA,2.5,NA,FALSE,17,18
"23","807","KCIT4","807r","18-19","M",1.41,"CHN&LOI","M",NA,2.4,1.5,FALSE,18,19
"23","807","KCIT4","807s","19-20","M",1.48,"LOI","M",NA,2.4,NA,FALSE,19,20
"23","807","KCIT4","807t","20-21","M",1.33,"CHN&LOI","M",NA,2.2,0.7,FALSE,20,21
"23","807","KCIT4","807u","21-22","M",1.46,"LOI","M",NA,2.2,NA,FALSE,21,22
"23","807","KCIT4","807v","22-23","M",1.48,"LOI","M",NA,2.2,NA,FALSE,22,23
"23","807","KCIT4","807w","23-24","M",1.49,"LOI","M",NA,2.2,NA,FALSE,23,24
"23","807","KCIT4","807x","24-25","M",1.51,"LOI","M",NA,2.2,NA,FALSE,24,25
"23","807","KCIT4","807y","25-26","M",1.54,"LOI","M",NA,2.2,NA,FALSE,25,26
"23","807","KCIT4","807z","26-27","M",1.52,"LOI","M",NA,2.1,NA,FALSE,26,27
"23","807","KCIT4","807aa","27-30","E",1.52,NA,NA,"E",2.1,NA,FALSE,27,30
"23","808","KCIT5","808a","0-1","M",1.16,"LOI","M",NA,3.1,NA,FALSE,0,1
"23","808","KCIT5","808b","1-2","M",0.99,"LOI","M",NA,2.8,NA,FALSE,1,2
"23","808","KCIT5","808c","2-3","M",1.08,"LOI","M",NA,2.7,NA,FALSE,2,3
"23","808","KCIT5","808d","3-4","M",0.95,"LOI","M",NA,2.7,NA,FALSE,3,4
"23","808","KCIT5","808e","4-5","M",0.97,"LOI","M",NA,3,NA,FALSE,4,5
"23","808","KCIT5","808f","5-6","M",1.14,"LOI","M",NA,2.9,NA,FALSE,5,6
"23","808","KCIT5","808g","6-7","M",1.18,"LOI","M",NA,2.6,NA,FALSE,6,7
"23","808","KCIT5","808h","7-8","M",1.02,"LOI","M",NA,2.6,NA,FALSE,7,8
"23","808","KCIT5","808i","8-9","M",1.22,"LOI","M",NA,2.5,NA,FALSE,8,9
"23","808","KCIT5","808j","9-10","M",1.27,"LOI","M",NA,2.3,NA,FALSE,9,10
"23","808","KCIT5","808k","10-11","M",1.34,"LOI","M",NA,2,NA,FALSE,10,11
"23","808","KCIT5","808l","11-12","M",1.38,"LOI","M",NA,2,NA,FALSE,11,12
"23","808","KCIT5","808m","12-13","M",1.41,"LOI","M",NA,2,NA,FALSE,12,13
"23","808","KCIT5","808n","13-14","M",1.33,"LOI","M",NA,2.1,NA,FALSE,13,14
"23","808","KCIT5","808n","14-15","M",1.4,"LOI","M",NA,2.1,NA,FALSE,14,15
"23","808","KCIT5","808o","15-16","M",1.37,"LOI","M",NA,2.1,NA,FALSE,15,16
"23","808","KCIT5","808p","16-17","M",1.42,"LOI","M",NA,2.2,NA,FALSE,16,17
"23","808","KCIT5","808q","17-18","M",1.35,"LOI","M",NA,2.1,NA,FALSE,17,18
"23","808","KCIT5","808r","18-19","M",1.37,"LOI","M",NA,2,NA,FALSE,18,19
"23","808","KCIT5","808s","19-20","M",1.3,"LOI","M",NA,2,NA,FALSE,19,20
"23","808","KCIT5","808t","20-21","M",1.33,"LOI","M",NA,2.1,NA,FALSE,20,21
"23","808","KCIT5","808u","21-22","M",1.33,"LOI","M",NA,2.1,NA,FALSE,21,22
"23","808","KCIT5","808v","22-23","M",1.34,"LOI","M",NA,2,NA,FALSE,22,23
"23","808","KCIT5","808w","23-24","M",1.3,"LOI","M",NA,1.9,NA,FALSE,23,24
"23","808","KCIT5","808x","24-30","E",1.3,NA,NA,"E",1.9,NA,FALSE,24,30
"23","809","KCIT6","809a","0-1","M",1.09,"LOI","M",NA,6.9,NA,FALSE,0,1
"23","809","KCIT6","809b","1-2","M",1.02,"LOI","M",NA,4.8,NA,FALSE,1,2
"23","809","KCIT6","809c","2-3","M",1.05,"LOI","M",NA,3.4,NA,FALSE,2,3
"23","809","KCIT6","809d","3-4","M",1.09,"LOI","M",NA,4.7,NA,FALSE,3,4
"23","809","KCIT6","809e","4-5","M",0.98,"LOI","M",NA,4.9,NA,FALSE,4,5
"23","809","KCIT6","809f","5-6","M",1.06,"LOI","M",NA,4.6,NA,FALSE,5,6
"23","809","KCIT6","809g","6-7","M",1,"LOI","M",NA,3.9,NA,FALSE,6,7
"23","809","KCIT6","809h","7-8","M",0.97,"LOI","M",NA,3.6,NA,FALSE,7,8
"23","809","KCIT6","809i","8-9","M",0.97,"LOI","M",NA,2.7,NA,FALSE,8,9
"23","809","KCIT6","809j","9-10","M",0.99,"LOI","M",NA,2.6,NA,FALSE,9,10
"23","809","KCIT6","809k","10-11","M",0.99,"LOI","M",NA,2.4,NA,FALSE,10,11
"23","809","KCIT6","809l","11-12","M",1.07,"LOI","M",NA,3,NA,FALSE,11,12
"23","809","KCIT6","809m","12-13","M",1.29,"LOI","M",NA,3.6,NA,FALSE,12,13
"23","809","KCIT6","809n","13-14","M",1.29,"LOI","M",NA,4,NA,FALSE,13,14
"23","809","KCIT6","809n","14-15","M",1.37,"LOI","M",NA,3.6,NA,FALSE,14,15
"23","809","KCIT6","809o","15-16","M",1.41,"LOI","M",NA,3.3,NA,FALSE,15,16
"23","809","KCIT6","809p","16-17","M",1.39,"LOI","M",NA,3,NA,FALSE,16,17
"23","809","KCIT6","809q","17-18","M",1.34,"LOI","M",NA,2.5,NA,FALSE,17,18
"23","809","KCIT6","809r","18-19","M",1.4,"LOI","M",NA,2.1,NA,FALSE,18,19
"23","809","KCIT6","809s","19-20","M",1.39,"LOI","M",NA,2,NA,FALSE,19,20
"23","809","KCIT6","809t","20-21","M",1.33,"LOI","M",NA,1.7,NA,FALSE,20,21
"23","809","KCIT6","809u","21-30","E",1.33,NA,NA,"E",1.7,NA,FALSE,21,30
"30","836","H_01_a","836a","0-2","M",1.03,"LOI","M",NA,10.4,NA,FALSE,0,2
"30","836","H_01_a","836b","2-4","M",1.06,"LOI","M",NA,10.6,NA,FALSE,2,4
"30","836","H_01_a","836c","4-6","M",1.08,"LOI","M",NA,10.4,NA,FALSE,4,6
"30","836","H_01_a","836d","6-8","M",1.01,"LOI","M",NA,9.5,NA,FALSE,6,8
"30","836","H_01_a","836e","8-10","M",1.21,"LOI","M",NA,9.3,NA,FALSE,8,10
"30","836","H_01_a","836f","10-12","M",1.3,"LOI","M",NA,9.1,NA,FALSE,10,12
"30","836","H_01_a","836g","12-14","M",1.35,"LOI","M",NA,9.1,NA,FALSE,12,14
"30","836","H_01_a","836h","14-16","M",1.25,"LOI","M",NA,10.1,NA,FALSE,14,16
"30","836","H_01_a","836i","16-18","M",1.33,"LOI","M",NA,9.1,NA,FALSE,16,18
"30","836","H_01_a","836j","18-20","M",1.29,"LOI","M",NA,10.4,NA,FALSE,18,20
"30","836","H_01_a","836k","20-22","M",1.38,"LOI","M",NA,9.1,NA,FALSE,20,22
"30","836","H_01_a","836l","22-24","M",1.62,"LOI","M",NA,6.7,NA,FALSE,22,24
"30","836","H_01_a","836m","24-26","M",1.3,"LOI","M",NA,9.7,NA,FALSE,24,26
"30","836","H_01_a","836n","26-28","M",1.18,"LOI","M",NA,8.5,NA,FALSE,26,28
"30","836","H_01_a","836o","28-30","M",1.4,"LOI","M",NA,8.9,NA,FALSE,28,30
"30","836","H_01_a","836p","30-32","M",1.47,"LOI","M",NA,7.8,NA,FALSE,30,32
"30","836","H_01_a","836q","32-34","M",1.71,"LOI","M",NA,6.6,NA,FALSE,32,34
"30","836","H_01_a","836r","34-36","M",1.82,"LOI","M",NA,7.8,NA,FALSE,34,36
"30","836","H_01_a","836s","36-38","M",1.77,"LOI","M",NA,5.1,NA,FALSE,36,38
"30","836","H_01_a","836t","38-40","M",1.75,"LOI","M",NA,5.6,NA,FALSE,38,40
"30","836","H_01_a","836u","40-50","E",1.75,NA,NA,"E",5.6,NA,FALSE,40,50
"30","837","H_02_a","837a","0-2","M",0.52,"LOI","M",NA,6.7,NA,FALSE,0,2
"30","837","H_02_a","837b","2-4","M",0.72,"LOI","M",NA,6,NA,FALSE,2,4
"30","837","H_02_a","837c","4-6","M",0.7,"LOI","M",NA,7.1,NA,FALSE,4,6
"30","837","H_02_a","837d","6-8","M",0.68,"LOI","M",NA,6.9,NA,FALSE,6,8
"30","837","H_02_a","837e","8-10","M",0.71,"LOI","M",NA,5.9,NA,FALSE,8,10
"30","837","H_02_a","837f","10-12","M",1,"LOI","M",NA,4.7,NA,FALSE,10,12
"30","837","H_02_a","837g","12-14","M",1.06,"LOI","M",NA,5.1,NA,FALSE,12,14
"30","837","H_02_a","837h","14-16","M",1.26,"LOI","M",NA,3.5,NA,FALSE,14,16
"30","837","H_02_a","837i","16-18","M",1.18,"LOI","M",NA,4.2,NA,FALSE,16,18
"30","837","H_02_a","837j","18-20","M",1.23,"LOI","M",NA,3.9,NA,FALSE,18,20
"30","837","H_02_a","837k","20-22","M",0.99,"LOI","M",NA,4.7,NA,FALSE,20,22
"30","837","H_02_a","837l","22-24","M",1.19,"LOI","M",NA,3.8,NA,FALSE,22,24
"30","837","H_02_a","837m","24-26","M",1.09,"LOI","M",NA,3.9,NA,FALSE,24,26
"30","837","H_02_a","837n","26-28","M",1.22,"LOI","M",NA,3.3,NA,FALSE,26,28
"30","837","H_02_a","837o","28-30","M",1.6,"LOI","M",NA,2.7,NA,FALSE,28,30
"30","837","H_02_a","837p","30-32","M",1.41,"LOI","M",NA,3.4,NA,FALSE,30,32
"30","837","H_02_a","837q","32-34","M",1.57,"LOI","M",NA,2.7,NA,FALSE,32,34
"30","837","H_02_a","837r","34-36","M",1.53,"LOI","M",NA,2.4,NA,FALSE,34,36
"30","837","H_02_a","837s","36-38","M",1.42,"LOI","M",NA,2.9,NA,FALSE,36,38
"30","837","H_02_a","837t","38-40","M",1.53,"LOI","M",NA,2.6,NA,FALSE,38,40
"30","837","H_02_a","837u","40-42","M",1.74,"LOI","M",NA,2.6,NA,FALSE,40,42
"30","837","H_02_a","837v","42-50","E",1.74,NA,NA,"E",2.6,NA,FALSE,42,50
"30","838","H_03_a","838a","0-2","M",0.51,"LOI","M",NA,5.4,NA,FALSE,0,2
"30","838","H_03_a","838b","2-4","M",0.61,"LOI","M",NA,10.6,NA,FALSE,2,4
"30","838","H_03_a","838c","4-6","M",0.57,"LOI","M",NA,6.7,NA,FALSE,4,6
"30","838","H_03_a","838d","6-8","M",0.68,"LOI","M",NA,5.4,NA,FALSE,6,8
"30","838","H_03_a","838e","8-10","M",0.7,"LOI","M",NA,5,NA,FALSE,8,10
"30","838","H_03_a","838f","10-12","M",0.76,"LOI","M",NA,4.4,NA,FALSE,10,12
"30","838","H_03_a","838g","12-14","M",0.81,"LOI","M",NA,4.3,NA,FALSE,12,14
"30","838","H_03_a","838h","14-16","M",0.89,"LOI","M",NA,4.2,NA,FALSE,14,16
"30","838","H_03_a","838i","16-18","M",0.85,"LOI","M",NA,5.2,NA,FALSE,16,18
"30","838","H_03_a","838j","18-20","M",0.75,"LOI","M",NA,5.1,NA,FALSE,18,20
"30","838","H_03_a","838k","20-22","M",0.88,"LOI","M",NA,5.3,NA,FALSE,20,22
"30","838","H_03_a","838l","22-24","M",0.81,"LOI","M",NA,4.3,NA,FALSE,22,24
"30","838","H_03_a","838m","24-26","M",0.94,"LOI","M",NA,3.3,NA,FALSE,24,26
"30","838","H_03_a","838n","26-28","M",1.22,"LOI","M",NA,2.3,NA,FALSE,26,28
"30","838","H_03_a","838o","28-30","M",1.04,"LOI","M",NA,2.8,NA,FALSE,28,30
"30","838","H_03_a","838p","30-32","M",1.12,"LOI","M",NA,2.9,NA,FALSE,30,32
"30","838","H_03_a","838q","32-34","M",0.89,"LOI","M",NA,3.5,NA,FALSE,32,34
"30","838","H_03_a","838r","34-36","M",0.94,"LOI","M",NA,4.1,NA,FALSE,34,36
"30","838","H_03_a","838s","36-38","M",0.96,"LOI","M",NA,3.8,NA,FALSE,36,38
"30","838","H_03_a","838t","38-40","M",0.86,"LOI","M",NA,4.8,NA,FALSE,38,40
"30","838","H_03_a","838u","40-42","M",0.84,"LOI","M",NA,4.7,NA,FALSE,40,42
"30","838","H_03_a","838v","42-44","M",0.9,"LOI","M",NA,5.2,NA,FALSE,42,44
"30","838","H_03_a","838w","44-46","M",0.94,"LOI","M",NA,3.6,NA,FALSE,44,46
"30","838","H_03_a","838x","46-48","M",0.94,"LOI","M",NA,3.6,NA,FALSE,46,48
"30","838","H_03_a","838y","48-50","M",0.89,"LOI","M",NA,6.1,NA,FALSE,48,50
"30","839","H_04_a","839a","0-2","M",1.19,"LOI","M",NA,4,NA,FALSE,0,2
"30","839","H_04_a","839b","2-4","M",0.72,"LOI","M",NA,3.8,NA,FALSE,2,4
"30","839","H_04_a","839c","4-6","M",0.47,"LOI","M",NA,4.4,NA,FALSE,4,6
"30","839","H_04_a","839d","6-8","M",0.86,"LOI","M",NA,4.1,NA,FALSE,6,8
"30","839","H_04_a","839e","8-10","M",0.93,"LOI","M",NA,3.7,NA,FALSE,8,10
"30","839","H_04_a","839f","10-12","M",0.96,"LOI","M",NA,4,NA,FALSE,10,12
"30","839","H_04_a","839g","12-14","M",1.04,"LOI","M",NA,3.6,NA,FALSE,12,14
"30","839","H_04_a","839h","14-16","M",1.07,"LOI","M",NA,3.7,NA,FALSE,14,16
"30","839","H_04_a","839i","16-18","M",1.13,"LOI","M",NA,3.8,NA,FALSE,16,18
"30","839","H_04_a","839j","18-20","M",1.03,"LOI","M",NA,4.2,NA,FALSE,18,20
"30","839","H_04_a","839k","20-22","M",1.22,"LOI","M",NA,0.2,NA,FALSE,20,22
"30","839","H_04_a","839l","22-24","M",1.2,"LOI","M",NA,3.7,NA,FALSE,22,24
"30","839","H_04_a","839m","24-26","M",1.26,"LOI","M",NA,3.3,NA,FALSE,24,26
"30","839","H_04_a","839n","26-28","M",1.26,"LOI","M",NA,3.4,NA,FALSE,26,28
"30","839","H_04_a","839o","28-30","M",1.26,"LOI","M",NA,3.5,NA,FALSE,28,30
"30","839","H_04_a","839p","30-32","M",1.21,"LOI","M",NA,3.2,NA,FALSE,30,32
"30","839","H_04_a","839q","32-34","M",0.93,"LOI","M",NA,4.2,NA,FALSE,32,34
"30","839","H_04_a","839r","34-36","M",0.85,"LOI","M",NA,4.6,NA,FALSE,34,36
"30","839","H_04_a","839s","36-38","M",0.33,"LOI","M",NA,3.9,NA,FALSE,36,38
"30","839","H_04_a","839t","38-40","M",0.79,"LOI","M",NA,2.3,NA,FALSE,38,40
"30","839","H_04_a","839u","40-42","M",1.1,"LOI","M",NA,3,NA,FALSE,40,42
"30","839","H_04_a","839v","42-44","M",1.03,"LOI","M",NA,3.2,NA,FALSE,42,44
"30","839","H_04_a","839w","44-46","M",1.38,"LOI","M",NA,2.8,NA,FALSE,44,46
"30","839","H_04_a","839x","46-48","M",1.08,"LOI","M",NA,2.7,NA,FALSE,46,48
"30","839","H_04_a","839y","48-50","M",1.27,"LOI","M",NA,3.2,NA,FALSE,48,50
"30","840","H_05_a","840a","0-2","M",0.87,"LOI","M",NA,3.5,NA,FALSE,0,2
"30","840","H_05_a","840b","2-4","M",0.97,"LOI","M",NA,3.6,NA,FALSE,2,4
"30","840","H_05_a","840c","4-6","M",0.86,"LOI","M",NA,3.5,NA,FALSE,4,6
"30","840","H_05_a","840d","6-8","M",1.04,"LOI","M",NA,3.5,NA,FALSE,6,8
"30","840","H_05_a","840e","8-10","M",0.87,"LOI","M",NA,4.7,NA,FALSE,8,10
"30","840","H_05_a","840f","10-12","M",0.89,"LOI","M",NA,5.5,NA,FALSE,10,12
"30","840","H_05_a","840g","12-14","M",0.95,"LOI","M",NA,5.3,NA,FALSE,12,14
"30","840","H_05_a","840h","14-16","M",0.92,"LOI","M",NA,5.5,NA,FALSE,14,16
"30","840","H_05_a","840i","16-18","M",1,"LOI","M",NA,5.2,NA,FALSE,16,18
"30","840","H_05_a","840j","18-20","M",1.01,"LOI","M",NA,5.5,NA,FALSE,18,20
"30","840","H_05_a","840k","20-22","M",0.72,"LOI","M",NA,8.8,NA,FALSE,20,22
"30","840","H_05_a","840l","22-24","M",0.7,"LOI","M",NA,7.6,NA,FALSE,22,24
"30","840","H_05_a","840m","24-26","M",0.86,"LOI","M",NA,5.9,NA,FALSE,24,26
"30","840","H_05_a","840n","26-28","M",0.97,"LOI","M",NA,4.1,NA,FALSE,26,28
"30","840","H_05_a","840o","28-30","M",1.01,"LOI","M",NA,4.2,NA,FALSE,28,30
"30","841","H_06_a","841a","0-2","M",0.76,"LOI","M",NA,13,NA,FALSE,0,2
"30","841","H_06_a","841b","2-4","M",0.95,"LOI","M",NA,9.6,NA,FALSE,2,4
"30","841","H_06_a","841c","4-6","M",1.02,"LOI","M",NA,10.9,NA,FALSE,4,6
"30","841","H_06_a","841d","6-8","M",1.02,"LOI","M",NA,10.3,NA,FALSE,6,8
"30","841","H_06_a","841e","8-10","M",1.03,"LOI","M",NA,9.7,NA,FALSE,8,10
"30","841","H_06_a","841f","10-12","M",0.93,"LOI","M",NA,5.8,NA,FALSE,10,12
"30","841","H_06_a","841g","12-14","M",1.01,"LOI","M",NA,4.4,NA,FALSE,12,14
"30","841","H_06_a","841h","14-16","M",0.94,"LOI","M",NA,4.2,NA,FALSE,14,16
"30","841","H_06_a","841i","16-18","M",1.02,"LOI","M",NA,4.2,NA,FALSE,16,18
"30","841","H_06_a","841j","18-20","M",0.98,"LOI","M",NA,5,NA,FALSE,18,20
"30","841","H_06_a","841k","20-22","M",1.02,"LOI","M",NA,11.2,NA,FALSE,20,22
"30","841","H_06_a","841l","22-24","M",1.17,"LOI","M",NA,8.9,NA,FALSE,22,24
"30","841","H_06_a","841m","24-26","M",1.26,"LOI","M",NA,8.3,NA,FALSE,24,26
"30","841","H_06_a","841n","26-28","M",1.1,"LOI","M",NA,8.8,NA,FALSE,26,28
"30","841","H_06_a","841o","28-30","M",1.07,"LOI","M",NA,9.6,NA,FALSE,28,30
"30","841","H_06_a","841p","30-32","M",0.92,"LOI","M",NA,18.2,NA,FALSE,30,32
"30","841","H_06_a","841q","32-34","M",0.94,"LOI","M",NA,11.9,NA,FALSE,32,34
"30","841","H_06_a","841r","34-36","M",0.93,"LOI","M",NA,10.3,NA,FALSE,34,36
"30","841","H_06_a","841s","36-38","M",0.83,"LOI","M",NA,13.4,NA,FALSE,36,38
"30","841","H_06_a","841t","38-40","M",0.89,"LOI","M",NA,7,NA,FALSE,38,40
"30","841","H_06_a","841u","40-42","M",0.98,"LOI","M",NA,14.9,NA,FALSE,40,42
"30","841","H_06_a","841v","42-44","M",1.35,"LOI","M",NA,11.6,NA,FALSE,42,44
"30","841","H_06_a","841w","44-50","E",1.35,NA,NA,"E",11.6,NA,FALSE,44,50
"30","842","H_07_a","842a","0-2","M",1.19,"LOI","M",NA,1.9,NA,FALSE,0,2
"30","842","H_07_a","842b","2-4","M",1.15,"LOI","M",NA,2.6,NA,FALSE,2,4
"30","842","H_07_a","842c","4-6","M",1.16,"LOI","M",NA,2.7,NA,FALSE,4,6
"30","842","H_07_a","842d","6-8","M",1.31,"LOI","M",NA,2.6,NA,FALSE,6,8
"30","842","H_07_a","842e","8-10","M",1.3,"LOI","M",NA,2.4,NA,FALSE,8,10
"30","842","H_07_a","842f","10-12","M",1.31,"LOI","M",NA,2.6,NA,FALSE,10,12
"30","842","H_07_a","842g","12-14","M",1.35,"LOI","M",NA,2.8,NA,FALSE,12,14
"30","842","H_07_a","842h","14-16","M",1.3,"LOI","M",NA,3.1,NA,FALSE,14,16
"30","842","H_07_a","842i","16-18","M",1.17,"LOI","M",NA,3.2,NA,FALSE,16,18
"30","842","H_07_a","842j","18-20","M",1.24,"LOI","M",NA,2.7,NA,FALSE,18,20
"30","842","H_07_a","842k","20-22","M",1.37,"LOI","M",NA,1.9,NA,FALSE,20,22
"30","842","H_07_a","842l","22-24","M",1.67,"LOI","M",NA,1.7,NA,FALSE,22,24
"30","842","H_07_a","842m","24-26","M",1.56,"LOI","M",NA,1.9,NA,FALSE,24,26
"30","842","H_07_a","842n","26-28","M",1.47,"LOI","M",NA,1.7,NA,FALSE,26,28
"30","842","H_07_a","842o","28-30","M",1.43,"LOI","M",NA,1.9,NA,FALSE,28,30
"30","842","H_07_a","842p","30-32","M",1.49,"LOI","M",NA,1.6,NA,FALSE,30,32
"30","842","H_07_a","842q","32-34","M",1.47,"LOI","M",NA,1.8,NA,FALSE,32,34
"30","842","H_07_a","842r","34-36","M",1.42,"LOI","M",NA,2,NA,FALSE,34,36
"30","842","H_07_a","842s","36-38","M",1.41,"LOI","M",NA,2.2,NA,FALSE,36,38
"30","842","H_07_a","842t","38-40","M",1.52,"LOI","M",NA,1.9,NA,FALSE,38,40
"30","842","H_07_a","842u","40-42","M",1.53,"LOI","M",NA,2,NA,FALSE,40,42
"30","842","H_07_a","842v","42-44","M",1.32,"LOI","M",NA,2,NA,FALSE,42,44
"30","842","H_07_a","842w","44-46","M",1.43,"LOI","M",NA,1.8,NA,FALSE,44,46
"30","842","H_07_a","842x","46-48","M",1.38,"LOI","M",NA,2.1,NA,FALSE,46,48
"30","842","H_07_a","842y","48-50","M",2.39,"LOI","M",NA,2,NA,FALSE,48,50
"30","843","L_01_a","843a","0-2","M",1.34,"LOI","M",NA,6.1,NA,FALSE,0,2
"30","843","L_01_a","843b","2-4","M",1.52,"LOI","M",NA,6.4,NA,FALSE,2,4
"30","843","L_01_a","843c","4-6","M",1.49,"LOI","M",NA,11,NA,FALSE,4,6
"30","843","L_01_a","843d","6-8","M",1.54,"LOI","M",NA,6.4,NA,FALSE,6,8
"30","843","L_01_a","843e","8-10","M",1.39,"LOI","M",NA,6.5,NA,FALSE,8,10
"30","843","L_01_a","843f","10-12","M",1.38,"LOI","M",NA,7.8,NA,FALSE,10,12
"30","843","L_01_a","843g","12-14","M",1.36,"LOI","M",NA,9.1,NA,FALSE,12,14
"30","843","L_01_a","843h","14-16","M",1.46,"LOI","M",NA,6.8,NA,FALSE,14,16
"30","843","L_01_a","843i","16-18","M",1.48,"LOI","M",NA,7.4,NA,FALSE,16,18
"30","843","L_01_a","843j","18-20","M",1.48,"LOI","M",NA,7.1,NA,FALSE,18,20
"30","843","L_01_a","843k","20-22","M",1.49,"LOI","M",NA,5.4,NA,FALSE,20,22
"30","843","L_01_a","843l","22-24","M",1.47,"LOI","M",NA,7,NA,FALSE,22,24
"30","843","L_01_a","843m","24-26","M",1.55,"LOI","M",NA,7.7,NA,FALSE,24,26
"30","843","L_01_a","843n","26-28","M",1.46,"LOI","M",NA,6.1,NA,FALSE,26,28
"30","843","L_01_a","843o","28-30","M",1.61,"LOI","M",NA,6.8,NA,FALSE,28,30
"30","843","L_01_a","843p","30-32","M",1.48,"LOI","M",NA,5.9,NA,FALSE,30,32
"30","843","L_01_a","843q","32-34","M",1.57,"LOI","M",NA,6.4,NA,FALSE,32,34
"30","843","L_01_a","843r","34-36","M",1.48,"LOI","M",NA,7.6,NA,FALSE,34,36
"30","843","L_01_a","843s","36-38","M",1.46,"LOI","M",NA,6.7,NA,FALSE,36,38
"30","843","L_01_a","843t","38-50","E",1.46,NA,NA,"E",6.7,NA,FALSE,38,50
"30","844","L_02_a","844a","0-2","M",0.53,"LOI","M",NA,3.3,NA,FALSE,0,2
"30","844","L_02_a","844b","2-4","M",1.48,"LOI","M",NA,2.2,NA,FALSE,2,4
"30","844","L_02_a","844c","4-6","M",1.59,"LOI","M",NA,2.2,NA,FALSE,4,6
"30","844","L_02_a","844d","6-8","M",1.37,"LOI","M",NA,2.3,NA,FALSE,6,8
"30","844","L_02_a","844e","8-10","M",1.47,"LOI","M",NA,0.7,NA,FALSE,8,10
"30","844","L_02_a","844f","10-12","M",1.68,"LOI","M",NA,2.7,NA,FALSE,10,12
"30","844","L_02_a","844g","12-14","M",1.47,"LOI","M",NA,1.9,NA,FALSE,12,14
"30","844","L_02_a","844h","14-16","M",1.77,"LOI","M",NA,1.5,NA,FALSE,14,16
"30","844","L_02_a","844i","16-18","M",1.72,"LOI","M",NA,1.8,NA,FALSE,16,18
"30","844","L_02_a","844j","18-20","M",1.72,"LOI","M",NA,2.3,NA,FALSE,18,20
"30","844","L_02_a","844k","20-22","M",1.76,"LOI","M",NA,2.4,NA,FALSE,20,22
"30","844","L_02_a","844l","22-24","M",1.83,"LOI","M",NA,1.2,NA,FALSE,22,24
"30","844","L_02_a","844m","24-26","M",1.77,"LOI","M",NA,1.9,NA,FALSE,24,26
"30","844","L_02_a","844n","26-28","M",1.79,"LOI","M",NA,2.5,NA,FALSE,26,28
"30","844","L_02_a","844o","28-30","M",1.79,"LOI","M",NA,4.1,NA,FALSE,28,30
"30","845","L_03_a","845a","0-2","M",0.21,"LOI","M",NA,6.4,NA,FALSE,0,2
"30","845","L_03_a","845b","2-4","M",1.13,"LOI","M",NA,3.1,NA,FALSE,2,4
"30","845","L_03_a","845c","4-6","M",1.3,"LOI","M",NA,3.2,NA,FALSE,4,6
"30","845","L_03_a","845d","6-8","M",1.39,"LOI","M",NA,2.7,NA,FALSE,6,8
"30","845","L_03_a","845e","8-10","M",1.34,"LOI","M",NA,2.9,NA,FALSE,8,10
"30","845","L_03_a","845f","10-12","M",1.33,"LOI","M",NA,3.1,NA,FALSE,10,12
"30","845","L_03_a","845g","12-14","M",1.43,"LOI","M",NA,2.6,NA,FALSE,12,14
"30","845","L_03_a","845h","14-16","M",1.47,"LOI","M",NA,2.3,NA,FALSE,14,16
"30","845","L_03_a","845i","16-18","M",1.37,"LOI","M",NA,2.8,NA,FALSE,16,18
"30","845","L_03_a","845j","18-20","M",1.31,"LOI","M",NA,2.5,NA,FALSE,18,20
"30","845","L_03_a","845k","20-22","M",1.57,"LOI","M",NA,2.3,NA,FALSE,20,22
"30","845","L_03_a","845l","22-24","M",1.41,"LOI","M",NA,2.6,NA,FALSE,22,24
"30","845","L_03_a","845m","24-26","M",1.42,"LOI","M",NA,2.8,NA,FALSE,24,26
"30","845","L_03_a","845n","26-28","M",1.59,"LOI","M",NA,2.1,NA,FALSE,26,28
"30","845","L_03_a","845o","28-30","M",1.63,"LOI","M",NA,1.8,NA,FALSE,28,30
"30","846","L_04_a","846a","0-2","M",0.57,"LOI","M",NA,3.5,NA,FALSE,0,2
"30","846","L_04_a","846b","2-4","M",1.69,"LOI","M",NA,2.8,NA,FALSE,2,4
"30","846","L_04_a","846c","4-6","M",1.5,"LOI","M",NA,4.2,NA,FALSE,4,6
"30","846","L_04_a","846d","6-8","M",1.37,"LOI","M",NA,2.1,NA,FALSE,6,8
"30","846","L_04_a","846e","8-10","M",1.22,"LOI","M",NA,3.8,NA,FALSE,8,10
"30","846","L_04_a","846f","10-12","M",1.7,"LOI","M",NA,1.6,NA,FALSE,10,12
"30","846","L_04_a","846g","12-14","M",1.43,"LOI","M",NA,2,NA,FALSE,12,14
"30","846","L_04_a","846h","14-16","M",1.27,"LOI","M",NA,3,NA,FALSE,14,16
"30","846","L_04_a","846i","16-18","M",1.25,"LOI","M",NA,3,NA,FALSE,16,18
"30","846","L_04_a","846j","18-20","M",1.3,"LOI","M",NA,2.7,NA,FALSE,18,20
"30","846","L_04_a","846k","20-22","M",1.03,"LOI","M",NA,3.7,NA,FALSE,20,22
"30","846","L_04_a","846l","22-24","M",1.26,"LOI","M",NA,2.3,NA,FALSE,22,24
"30","846","L_04_a","846m","24-26","M",1.19,"LOI","M",NA,3.4,NA,FALSE,24,26
"30","846","L_04_a","846n","26-28","M",1.15,"LOI","M",NA,3.1,NA,FALSE,26,28
"30","846","L_04_a","846o","28-30","M",1.27,"LOI","M",NA,2.6,NA,FALSE,28,30
"30","846","L_04_a","846p","30-32","M",0.98,"LOI","M",NA,2.4,NA,FALSE,30,32
"30","846","L_04_a","846q","32-34","M",0.54,"LOI","M",NA,8.3,NA,FALSE,32,34
"30","846","L_04_a","846r","34-36","M",0.82,"LOI","M",NA,3.7,NA,FALSE,34,36
"30","846","L_04_a","846s","36-38","M",0.7,"LOI","M",NA,4.5,NA,FALSE,36,38
"30","846","L_04_a","846t","38-40","M",0.53,"LOI","M",NA,6.5,NA,FALSE,38,40
"30","846","L_04_a","846u","40-42","M",0.42,"LOI","M",NA,7.6,NA,FALSE,40,42
"30","846","L_04_a","846v","42-44","M",0.39,"LOI","M",NA,7.8,NA,FALSE,42,44
"30","846","L_04_a","846w","44-46","M",0.36,"LOI","M",NA,8.8,NA,FALSE,44,46
"30","846","L_04_a","846x","46-48","M",0.34,"LOI","M",NA,10.2,NA,FALSE,46,48
"30","846","L_04_a","846y","48-50","M",0.33,"LOI","M",NA,10.6,NA,FALSE,48,50
"30","847","L_05_a","847a","0-2","M",0.95,"LOI","M",NA,10.8,NA,FALSE,0,2
"30","847","L_05_a","847b","2-4","M",1.65,"LOI","M",NA,8.1,NA,FALSE,2,4
"30","847","L_05_a","847c","4-6","M",1.7,"LOI","M",NA,10.4,NA,FALSE,4,6
"30","847","L_05_a","847d","6-8","M",1.69,"LOI","M",NA,8.7,NA,FALSE,6,8
"30","847","L_05_a","847e","8-10","M",1.58,"LOI","M",NA,8.8,NA,FALSE,8,10
"30","847","L_05_a","847f","10-12","M",1.53,"LOI","M",NA,6.5,NA,FALSE,10,12
"30","847","L_05_a","847g","12-14","M",1.65,"LOI","M",NA,16.5,NA,FALSE,12,14
"30","847","L_05_a","847h","14-16","M",1.44,"LOI","M",NA,7.2,NA,FALSE,14,16
"30","847","L_05_a","847i","16-18","M",1.43,"LOI","M",NA,8,NA,FALSE,16,18
"30","847","L_05_a","847j","18-20","M",1.85,"LOI","M",NA,8.2,NA,FALSE,18,20
"30","847","L_05_a","847k","20-22","M",1.61,"LOI","M",NA,6.2,NA,FALSE,20,22
"30","847","L_05_a","847l","22-24","M",1.64,"LOI","M",NA,7.2,NA,FALSE,22,24
"30","847","L_05_a","847m","24-26","M",1.94,"LOI","M",NA,6.8,NA,FALSE,24,26
"30","847","L_05_a","847n","26-28","M",2.2,"LOI","M",NA,4.3,NA,FALSE,26,28
"30","847","L_05_a","847o","28-30","M",1.62,"LOI","M",NA,6.6,NA,FALSE,28,30
"30","847","L_05_a","847p","30-32","M",2.14,"LOI","M",NA,5.3,NA,FALSE,30,32
"30","847","L_05_a","847q","32-34","M",2.09,"LOI","M",NA,5.1,NA,FALSE,32,34
"30","847","L_05_a","847r","34-36","M",1.95,"LOI","M",NA,5.9,NA,FALSE,34,36
"30","847","L_05_a","847s","36-38","M",1.83,"LOI","M",NA,6.2,NA,FALSE,36,38
"30","847","L_05_a","847t","38-40","M",1.71,"LOI","M",NA,7.4,NA,FALSE,38,40
"30","847","L_05_a","847u","40-42","M",1.91,"LOI","M",NA,6,NA,FALSE,40,42
"30","847","L_05_a","847v","42-44","M",1.82,"LOI","M",NA,6.9,NA,FALSE,42,44
"30","847","L_05_a","847w","44-46","M",1.92,"LOI","M",NA,6.3,NA,FALSE,44,46
"30","847","L_05_a","847x","46-48","M",1.76,"LOI","M",NA,6.8,NA,FALSE,46,48
"30","847","L_05_a","847y","48-50","M",1.82,"LOI","M",NA,6.3,NA,FALSE,48,50
"30","849","L_07_a","849a","0-2","M",1.12,"LOI","M",NA,2.6,NA,FALSE,0,2
"30","849","L_07_a","849b","2-4","M",1.25,"LOI","M",NA,1.8,NA,FALSE,2,4
"30","849","L_07_a","849c","4-6","M",1.39,"LOI","M",NA,1.4,NA,FALSE,4,6
"30","849","L_07_a","849d","6-8","M",1.58,"LOI","M",NA,1.6,NA,FALSE,6,8
"30","849","L_07_a","849e","8-10","M",1.51,"LOI","M",NA,1.7,NA,FALSE,8,10
"30","849","L_07_a","849f","10-12","M",1.67,"LOI","M",NA,1.5,NA,FALSE,10,12
"30","849","L_07_a","849g","12-14","M",1.72,"LOI","M",NA,1.2,NA,FALSE,12,14
"30","849","L_07_a","849h","14-16","M",1.59,"LOI","M",NA,1.9,NA,FALSE,14,16
"30","849","L_07_a","849i","16-18","M",1.52,"LOI","M",NA,2,NA,FALSE,16,18
"30","849","L_07_a","849j","18-20","M",1.82,"LOI","M",NA,1.4,NA,FALSE,18,20
"30","849","L_07_a","849k","20-22","M",1.73,"LOI","M",NA,2,NA,FALSE,20,22
"30","849","L_07_a","849l","22-24","M",1.7,"LOI","M",NA,1.4,NA,FALSE,22,24
"30","849","L_07_a","849m","24-26","M",1.87,"LOI","M",NA,1.5,NA,FALSE,24,26
"30","849","L_07_a","849n","26-28","M",2.03,"LOI","M",NA,1,NA,FALSE,26,28
"30","849","L_07_a","849o","28-30","M",2.07,"LOI","M",NA,1.2,NA,FALSE,28,30
"30","850","M_02_a","850a","0-2","M",0.92,"LOI","E",NA,2.1,NA,FALSE,0,2
"30","850","M_02_a","850b","2-4","M",1.48,"LOI","M",NA,2.1,NA,FALSE,2,4
"30","850","M_02_a","850c","4-6","M",1.16,"LOI","M",NA,1.8,NA,FALSE,4,6
"30","850","M_02_a","850d","6-8","M",1.05,"LOI","M",NA,1.6,NA,FALSE,6,8
"30","850","M_02_a","850e","8-10","M",1.32,"LOI","M",NA,1.8,NA,FALSE,8,10
"30","850","M_02_a","850f","10-12","M",1.28,"LOI","M",NA,1.7,NA,FALSE,10,12
"30","850","M_02_a","850g","12-14","M",1.32,"LOI","M",NA,3.2,NA,FALSE,12,14
"30","850","M_02_a","850h","14-16","M",1.22,"LOI","M",NA,2.2,NA,FALSE,14,16
"30","850","M_02_a","850i","16-18","M",1.11,"LOI","M",NA,1.8,NA,FALSE,16,18
"30","850","M_02_a","850j","18-20","M",1.3,"LOI","M",NA,1.8,NA,FALSE,18,20
"30","850","M_02_a","850k","20-22","M",0.49,"LOI","M",NA,2.4,NA,FALSE,20,22
"30","850","M_02_a","850l","22-24","I",0.48,"LOI","I",NA,2.4,NA,FALSE,22,24
"30","850","M_02_a","850m","24-26","M",0.47,"LOI","I",NA,2.5,NA,FALSE,24,26
"30","850","M_02_a","850n","26-28","M",0.74,"LOI","M",NA,2.5,NA,FALSE,26,28
"30","850","M_02_a","850o","28-30","M",0.75,"LOI","I",NA,5.5,NA,FALSE,28,30
"30","850","M_02_a","850p","30-32","M",1.21,"LOI","M",NA,8.6,NA,FALSE,30,32
"30","850","M_02_a","850q","32-34","M",1.33,"LOI","M",NA,1.2,NA,FALSE,32,34
"30","850","M_02_a","850r","34-36","M",1.19,"LOI","M",NA,2.1,NA,FALSE,34,36
"30","850","M_02_a","850s","36-38","M",1.54,"LOI","M",NA,3.1,NA,FALSE,36,38
"30","850","M_02_a","850t","38-50","E",1.54,NA,NA,"E",3.1,NA,FALSE,38,50
"30","851","M_03_a","851a","0-2","M",0.49,"LOI","M",NA,3.8,NA,FALSE,0,2
"30","851","M_03_a","851b","2-4","M",1.32,"LOI","M",NA,1.6,NA,FALSE,2,4
"30","851","M_03_a","851c","4-6","M",1.41,"LOI","M",NA,1.8,NA,FALSE,4,6
"30","851","M_03_a","851d","6-8","M",1.48,"LOI","M",NA,1.9,NA,FALSE,6,8
"30","851","M_03_a","851e","8-10","M",1.2,"LOI","I",NA,2.2,NA,FALSE,8,10
"30","851","M_03_a","851f","10-12","M",1.37,"LOI","M",NA,2.4,NA,FALSE,10,12
"30","851","M_03_a","851g","12-14","M",1.28,"LOI","M",NA,4.8,NA,FALSE,12,14
"30","851","M_03_a","851h","14-16","M",1.44,"LOI","M",NA,2,NA,FALSE,14,16
"30","851","M_03_a","851i","16-18","M",1.35,"LOI","M",NA,2.9,NA,FALSE,16,18
"30","851","M_03_a","851j","18-20","M",1.47,"LOI","M",NA,1.7,NA,FALSE,18,20
"30","851","M_03_a","851k","20-22","M",1.54,"LOI","M",NA,1.9,NA,FALSE,20,22
"30","851","M_03_a","851l","22-24","M",1.5,"LOI","M",NA,2.1,NA,FALSE,22,24
"30","851","M_03_a","851m","24-26","M",1.49,"LOI","M",NA,1.8,NA,FALSE,24,26
"30","851","M_03_a","851n","26-28","M",1.5,"LOI","M",NA,1.7,NA,FALSE,26,28
"30","851","M_03_a","851o","28-30","M",1.46,"LOI","M",NA,1.8,NA,FALSE,28,30
"30","852","M_04_a","852a","0-2","M",0.26,"LOI","M",NA,16,NA,FALSE,0,2
"30","852","M_04_a","852b","2-4","M",0.54,"LOI","M",NA,6.3,NA,FALSE,2,4
"30","852","M_04_a","852c","4-6","M",0.7,"LOI","M",NA,5.9,NA,FALSE,4,6
"30","852","M_04_a","852d","6-8","M",0.7,"LOI","M",NA,6,NA,FALSE,6,8
"30","852","M_04_a","852e","8-10","M",0.64,"LOI","M",NA,6.2,NA,FALSE,8,10
"30","852","M_04_a","852f","10-12","M",0.86,"LOI","M",NA,5,NA,FALSE,10,12
"30","852","M_04_a","852g","12-14","M",0.89,"LOI","M",NA,4.7,NA,FALSE,12,14
"30","852","M_04_a","852h","14-16","M",0.97,"LOI","M",NA,4.3,NA,FALSE,14,16
"30","852","M_04_a","852i","16-18","M",1.12,"LOI","M",NA,3.6,NA,FALSE,16,18
"30","852","M_04_a","852j","18-20","M",1.44,"LOI","M",NA,2.5,NA,FALSE,18,20
"30","852","M_04_a","852k","20-22","M",1.36,"LOI","M",NA,2.5,NA,FALSE,20,22
"30","852","M_04_a","852l","22-24","M",1.42,"LOI","M",NA,3,NA,FALSE,22,24
"30","852","M_04_a","852m","24-26","M",1.46,"LOI","M",NA,3.6,NA,FALSE,24,26
"30","852","M_04_a","852n","26-28","M",1.5,"LOI","M",NA,2.6,NA,FALSE,26,28
"30","852","M_04_a","852o","28-30","M",1.43,"LOI","M",NA,2.3,NA,FALSE,28,30
"30","852","M_04_a","852p","30-32","M",1.37,"LOI","M",NA,3.5,NA,FALSE,30,32
"30","852","M_04_a","852q","32-34","M",1.58,"LOI","M",NA,2.9,NA,FALSE,32,34
"30","852","M_04_a","852r","34-36","M",1.53,"LOI","M",NA,2.2,NA,FALSE,34,36
"30","852","M_04_a","852s","36-38","M",1.67,"LOI","M",NA,1.8,NA,FALSE,36,38
"30","852","M_04_a","852t","38-40","M",1.5,"LOI","M",NA,3.4,NA,FALSE,38,40
"30","852","M_04_a","852u","40-42","M",1.27,"LOI","M",NA,3,NA,FALSE,40,42
"30","852","M_04_a","852v","42-44","M",1.49,"LOI","M",NA,2.2,NA,FALSE,42,44
"30","852","M_04_a","852w","44-46","M",1.63,"LOI","M",NA,2.1,NA,FALSE,44,46
"30","852","M_04_a","852x","46-48","M",1.32,"LOI","M",NA,3.3,NA,FALSE,46,48
"30","852","M_04_a","852y","48-50","M",1.57,"LOI","M",NA,1.8,NA,FALSE,48,50
"30","853","M_05_a","853a","0-2","M",0.59,"LOI","M",NA,20.6,NA,FALSE,0,2
"30","853","M_05_a","853b","2-4","M",0.34,"LOI","M",NA,22.6,NA,FALSE,2,4
"30","853","M_05_a","853c","4-6","M",0.38,"LOI","M",NA,19.9,NA,FALSE,4,6
"30","853","M_05_a","853d","6-8","M",0.43,"LOI","M",NA,20.3,NA,FALSE,6,8
"30","853","M_05_a","853e","8-10","M",0.38,"LOI","M",NA,24.4,NA,FALSE,8,10
"30","853","M_05_a","853f","10-12","M",0.43,"LOI","M",NA,21.6,NA,FALSE,10,12
"30","853","M_05_a","853g","12-14","M",0.48,"LOI","M",NA,20,NA,FALSE,12,14
"30","853","M_05_a","853h","14-16","M",0.52,"LOI","M",NA,20,NA,FALSE,14,16
"30","853","M_05_a","853i","16-18","M",0.51,"LOI","M",NA,18.4,NA,FALSE,16,18
"30","853","M_05_a","853j","18-20","M",0.44,"LOI","M",NA,20.3,NA,FALSE,18,20
"30","853","M_05_a","853k","20-22","M",0.56,"LOI","M",NA,16.5,NA,FALSE,20,22
"30","853","M_05_a","853l","22-24","M",0.74,"LOI","M",NA,15.4,NA,FALSE,22,24
"30","853","M_05_a","853m","24-26","M",1.38,"LOI","M",NA,8.2,NA,FALSE,24,26
"30","853","M_05_a","853n","26-28","M",1.12,"LOI","M",NA,8.2,NA,FALSE,26,28
"30","853","M_05_a","853o","28-30","M",0.87,"LOI","M",NA,12.6,NA,FALSE,28,30
"30","853","M_05_a","853p","30-32","M",1.99,"LOI","M",NA,4.5,NA,FALSE,30,32
"30","853","M_05_a","853q","32-34","M",1.68,"LOI","M",NA,5.5,NA,FALSE,32,34
"30","853","M_05_a","853r","34-36","M",0.94,"LOI","M",NA,13.1,NA,FALSE,34,36
"30","853","M_05_a","853s","36-38","M",0.96,"LOI","M",NA,11.1,NA,FALSE,36,38
"30","853","M_05_a","853t","38-40","M",0.65,"LOI","M",NA,14.2,NA,FALSE,38,40
"30","853","M_05_a","853u","40-42","M",0.75,"LOI","M",NA,12.9,NA,FALSE,40,42
"30","853","M_05_a","853v","42-44","M",1.32,"LOI","M",NA,9,NA,FALSE,42,44
"30","853","M_05_a","853w","44-46","M",1.47,"LOI","M",NA,9.3,NA,FALSE,44,46
"30","853","M_05_a","853x","46-48","M",1.48,"LOI","M",NA,7.8,NA,FALSE,46,48
"30","853","M_05_a","853y","48-50","M",1.1,"LOI","M",NA,8.9,NA,FALSE,48,50
"30","854","M_06_a","854a","0-2","M",2.36,"LOI","M",NA,2.5,NA,FALSE,0,2
"30","854","M_06_a","854b","2-4","M",2.11,"LOI","M",NA,2.8,NA,FALSE,2,4
"30","854","M_06_a","854c","4-6","M",1.22,"LOI","M",NA,2.4,NA,FALSE,4,6
"30","854","M_06_a","854d","6-8","M",1.02,"LOI","M",NA,2,NA,FALSE,6,8
"30","854","M_06_a","854e","8-10","M",1.46,"LOI","M",NA,1.5,NA,FALSE,8,10
"30","854","M_06_a","854f","10-12","M",1.47,"LOI","M",NA,1.6,NA,FALSE,10,12
"30","854","M_06_a","854g","12-14","M",1.75,"LOI","M",NA,1.8,NA,FALSE,12,14
"30","854","M_06_a","854h","14-16","M",1.86,"LOI","M",NA,1.5,NA,FALSE,14,16
"30","854","M_06_a","854i","16-18","M",1.84,"LOI","M",NA,1.4,NA,FALSE,16,18
"30","854","M_06_a","854j","18-20","M",1.79,"LOI","M",NA,1.6,NA,FALSE,18,20
"30","854","M_06_a","854k","20-22","M",1.51,"LOI","M",NA,1.6,NA,FALSE,20,22
"30","854","M_06_a","854l","22-24","M",1.82,"LOI","M",NA,1.3,NA,FALSE,22,24
"30","854","M_06_a","854m","24-26","M",1.97,"LOI","M",NA,1.3,NA,FALSE,24,26
"30","854","M_06_a","854n","26-28","M",2.18,"LOI","I",NA,1.3,NA,FALSE,26,28
"30","854","M_06_a","854o","28-30","M",2.14,"LOI","M",NA,1.2,NA,FALSE,28,30
"30","854","M_06_a","854p","30-32","M",2.31,"LOI","M",NA,1.1,NA,FALSE,30,32
"30","854","M_06_a","854q","32-34","M",2,"LOI","M",NA,1.1,NA,FALSE,32,34
"30","854","M_06_a","854r","34-36","M",1.79,"LOI","M",NA,1.3,NA,FALSE,34,36
"30","854","M_06_a","854s","36-38","M",1.82,"LOI","M",NA,1.3,NA,FALSE,36,38
"30","854","M_06_a","854t","38-40","M",2.05,"LOI","M",NA,1.1,NA,FALSE,38,40
"30","854","M_06_a","854u","40-42","M",2.51,"LOI","M",NA,1.1,NA,FALSE,40,42
"30","854","M_06_a","854v","42-44","M",2.17,"LOI","M",NA,0.8,NA,FALSE,42,44
"30","854","M_06_a","854w","44-46","M",1.8,"LOI","M",NA,1.1,NA,FALSE,44,46
"30","854","M_06_a","854x","46-48","M",2.33,"LOI","M",NA,1,NA,FALSE,46,48
"30","854","M_06_a","854y","48-50","M",1.94,"LOI","M",NA,7.5,NA,FALSE,48,50
"30","855","M_07_a","855a","0-2","M",0.31,"LOI","M",NA,9.5,NA,FALSE,0,2
"30","855","M_07_a","855b","2-4","M",1.19,"LOI","M",NA,5.2,NA,FALSE,2,4
"30","855","M_07_a","855c","4-6","M",2.94,"LOI","M",NA,2.2,NA,FALSE,4,6
"30","855","M_07_a","855d","6-8","M",1.37,"LOI","M",NA,6.4,NA,FALSE,6,8
"30","855","M_07_a","855e","8-10","M",1.42,"LOI","M",NA,5.8,NA,FALSE,8,10
"30","855","M_07_a","855f","10-12","M",1.26,"LOI","M",NA,3.9,NA,FALSE,10,12
"30","855","M_07_a","855g","12-14","M",1.39,"LOI","M",NA,2.8,NA,FALSE,12,14
"30","855","M_07_a","855h","14-16","M",2.38,"LOI","M",NA,2.2,NA,FALSE,14,16
"30","855","M_07_a","855i","16-18","M",1.8,"LOI","M",NA,1.7,NA,FALSE,16,18
"30","855","M_07_a","855j","18-20","M",1.76,"LOI","M",NA,2.9,NA,FALSE,18,20
"30","855","M_07_a","855k","20-22","M",1.93,"LOI","M",NA,1.8,NA,FALSE,20,22
"30","855","M_07_a","855l","22-24","M",1.75,"LOI","M",NA,1.6,NA,FALSE,22,24
"30","855","M_07_a","855m","24-26","M",1.98,"LOI","M",NA,1.8,NA,FALSE,24,26
"30","855","M_07_a","855n","26-28","M",1.6,"LOI","M",NA,2.1,NA,FALSE,26,28
"30","855","M_07_a","855o","28-30","M",1.91,"LOI","M",NA,1.6,NA,FALSE,28,30
"30","855","M_07_a","855p","30-32","M",2.11,"LOI","M",NA,1.4,NA,FALSE,30,32
"30","855","M_07_a","855q","32-34","M",2.09,"LOI","M",NA,2.6,NA,FALSE,32,34
"30","855","M_07_a","855r","34-36","M",2.15,"LOI","M",NA,1.1,NA,FALSE,34,36
"30","855","M_07_a","855s","36-38","M",2.03,"LOI","M",NA,1.8,NA,FALSE,36,38
"30","855","M_07_a","855t","38-40","M",2.66,"LOI","M",NA,1.5,NA,FALSE,38,40
"30","855","M_07_a","855u","40-42","M",1.59,"LOI","M",NA,1.5,NA,FALSE,40,42
"30","855","M_07_a","855v","42-44","M",1.69,"LOI","M",NA,1.4,NA,FALSE,42,44
"30","855","M_07_a","855w","44-46","M",1.89,"LOI","M",NA,1.9,NA,FALSE,44,46
"30","855","M_07_a","855x","46-48","M",2.73,"LOI","M",NA,2.6,NA,FALSE,46,48
"30","855","M_07_a","855y","48-50","M",1.66,"LOI","I",NA,2,NA,FALSE,48,50
"30","856","M_08_a","856a","0-2","M",0.93,"LOI","M",NA,11.3,NA,FALSE,0,2
"30","856","M_08_a","856b","2-4","M",0.86,"LOI","M",NA,10.2,NA,FALSE,2,4
"30","856","M_08_a","856c","4-6","M",0.66,"LOI","M",NA,12.9,NA,FALSE,4,6
"30","856","M_08_a","856d","6-8","M",0.66,"LOI","M",NA,15,NA,FALSE,6,8
"30","856","M_08_a","856e","8-10","M",0.69,"LOI","M",NA,15.4,NA,FALSE,8,10
"30","856","M_08_a","856f","10-12","M",0.73,"LOI","M",NA,15.6,NA,FALSE,10,12
"30","856","M_08_a","856g","12-14","M",0.97,"LOI","M",NA,13.2,NA,FALSE,12,14
"30","856","M_08_a","856h","14-16","M",0.87,"LOI","M",NA,14.1,NA,FALSE,14,16
"30","856","M_08_a","856i","16-18","M",0.84,"LOI","M",NA,13.4,NA,FALSE,16,18
"30","856","M_08_a","856j","18-20","M",0.94,"LOI","M",NA,14.7,NA,FALSE,18,20
"30","856","M_08_a","856k","20-22","M",1.33,"LOI","M",NA,8.9,NA,FALSE,20,22
"30","856","M_08_a","856l","22-24","M",1.2,"LOI","M",NA,8.5,NA,FALSE,22,24
"30","856","M_08_a","856m","24-26","M",1.22,"LOI","M",NA,8.8,NA,FALSE,24,26
"30","856","M_08_a","856n","26-28","M",1.05,"LOI","M",NA,10.4,NA,FALSE,26,28
"30","856","M_08_a","856o","28-30","M",1.23,"LOI","M",NA,9.6,NA,FALSE,28,30
"30","856","M_08_a","856p","30-32","M",1.22,"LOI","M",NA,11.7,NA,FALSE,30,32
"30","856","M_08_a","856q","32-34","M",1.3,"LOI","M",NA,9.2,NA,FALSE,32,34
"30","856","M_08_a","856r","34-36","M",1.3,"LOI","M",NA,11,NA,FALSE,34,36
"30","856","M_08_a","856s","36-38","M",1.42,"LOI","M",NA,10,NA,FALSE,36,38
"30","856","M_08_a","856t","38-40","M",1.47,"LOI","M",NA,9.5,NA,FALSE,38,40
"30","856","M_08_a","856u","40-42","M",1.26,"LOI","M",NA,9.5,NA,FALSE,40,42
"30","856","M_08_a","856v","42-44","M",1.66,"LOI","M",NA,7,NA,FALSE,42,44
"30","856","M_08_a","856w","44-46","M",1.45,"LOI","M",NA,8.5,NA,FALSE,44,46
"30","856","M_08_a","856x","46-48","M",1,"LOI","M",NA,13.7,NA,FALSE,46,48
"30","856","M_08_a","856y","48-50","E",1,NA,NA,"E",13.7,NA,FALSE,48,50
"25","993","672","993a","0-2","M",0.5,"LOI","M",NA,5.8,NA,FALSE,0,2
"25","993","672","993b","2-4","M",0.5,"LOI","M",NA,5.7,NA,FALSE,2,4
"25","993","672","993c","4-6","M",0.52,"LOI","M",NA,6.1,NA,FALSE,4,6
"25","993","672","993d","6-8","M",0.53,"LOI","M",NA,4.9,NA,FALSE,6,8
"25","993","672","993e","8-10","M",0.57,"LOI","M",NA,5.2,NA,FALSE,8,10
"25","993","672","993f","10-12","M",0.52,"LOI","M",NA,4.4,NA,FALSE,10,12
"25","993","672","993g","12-14","M",0.57,"LOI","M",NA,4.4,NA,FALSE,12,14
"25","993","672","993h","14-16","M",0.65,"LOI","M",NA,4.4,NA,FALSE,14,16
"25","993","672","993i","16-18","M",0.65,"LOI","M",NA,4,NA,FALSE,16,18
"25","993","672","993j","18-20","M",1.14,"LOI","M",NA,3.8,NA,FALSE,18,20
"25","993","672","993k",NA,"E",1.14,NA,"E",NA,3.8,NA,FALSE,NA,NA
"25","1002","681","1002a","0-2","M",1.85,"LOI","M",NA,2.1,NA,FALSE,0,2
"25","1002","681","1002b","2-4","M",2.48,"LOI","M",NA,1.6,NA,FALSE,2,4
"25","1002","681","1002c","4-6","M",2.51,"LOI","M",NA,1.5,NA,FALSE,4,6
"25","1002","681","1002d","6-8","M",2.49,"LOI","M",NA,1.9,NA,FALSE,6,8
"25","1002","681","1002e","8-10","M",2.69,"LOI","M",NA,2,NA,FALSE,8,10
"25","1002","681","1002f","10-12","M",2.5,"LOI","M",NA,1.9,NA,FALSE,10,12
"25","1002","681","1002g","12-14","M",2.43,"LOI","M",NA,1.9,NA,FALSE,12,14
"25","1002","681","1002h","14-16","M",2.39,"LOI","M",NA,1.9,NA,FALSE,14,16
"25","1002","681","1002i","16-18","M",2.7,"LOI","M",NA,1.6,NA,FALSE,16,18
"25","1002","681","1002j","18-20","M",2.72,"LOI","M",NA,1.4,NA,FALSE,18,20
"25","1002","681","1002k","20-22","M",1.68,"LOI","M",NA,1.7,NA,FALSE,20,22
"25","1002","681","1002l",NA,"E",1.68,NA,"E",NA,1.7,NA,FALSE,NA,NA
"25","1004","683","1004a","0-2","M",1.64,"LOI","M",NA,2.8,NA,FALSE,0,2
"25","1004","683","1004b","2-4","M",1.91,"LOI","M",NA,2.7,NA,FALSE,2,4
"25","1004","683","1004c","4-6","M",1.73,"LOI","M",NA,2.9,NA,FALSE,4,6
"25","1004","683","1004d","6-8","M",1.91,"LOI","M",NA,2.8,NA,FALSE,6,8
"25","1004","683","1004e","8-10","M",1.81,"LOI","M",NA,4.1,NA,FALSE,8,10
"25","1004","683","1004f","10-12","M",2,"LOI","M",NA,2.8,NA,FALSE,10,12
"25","1004","683","1004g","12-14","M",2.38,"LOI","M",NA,1.8,NA,FALSE,12,14
"25","1004","683","1004h","14-16","M",3.37,"LOI","M",NA,1.6,NA,FALSE,14,16
"25","1004","683","1004i","16-18","M",2.62,"LOI","M",NA,1.5,NA,FALSE,16,18
"25","1004","683","1004j","18-20","M",3.81,"LOI","M",NA,1.4,NA,FALSE,18,20
"25","1004","683","1004k","20-22","M",2.46,"LOI","M",NA,1.3,NA,FALSE,20,22
"25","1004","683","1004l","22-24","M",2.77,"LOI","M",NA,1.4,NA,FALSE,22,24
"25","1004","683","1004m","24-26","M",2.84,"LOI","M",NA,1.4,NA,FALSE,24,26
"25","1004","683","1004n","26-28","M",2.72,"LOI","M",NA,1.9,NA,FALSE,26,28
"25","1004","683","1004o","28-30","M",2.69,"LOI","M",NA,1.9,NA,FALSE,28,30
"25","1005","684","1005a","0-2","M",0.97,"LOI","M",NA,4.3,NA,FALSE,0,2
"25","1005","684","1005b","2-4","M",1.11,"LOI","M",NA,4.4,NA,FALSE,2,4
"25","1005","684","1005c","4-6","M",1.11,"LOI","M",NA,4.3,NA,FALSE,4,6
"25","1005","684","1005d","6-8","M",1.1,"LOI","M",NA,4,NA,FALSE,6,8
"25","1005","684","1005e","8-10","M",1.2,"LOI","M",NA,4.1,NA,FALSE,8,10
"25","1005","684","1005f","10-12","M",1.22,"LOI","M",NA,4.3,NA,FALSE,10,12
"25","1005","684","1005g","12-14","M",1.18,"LOI","M",NA,4.4,NA,FALSE,12,14
"25","1005","684","1005h","14-16","M",1.26,"LOI","M",NA,4.2,NA,FALSE,14,16
"25","1005","684","1005i","16-18","M",1.22,"LOI","M",NA,4.1,NA,FALSE,16,18
"25","1005","684","1005j","18-20","M",1.29,"LOI","M",NA,4,NA,FALSE,18,20
"25","1005","684","1005k","20-22","M",1.33,"LOI","M",NA,4,NA,FALSE,20,22
"25","1005","684","1005l","22-24","M",1.41,"LOI","M",NA,4,NA,FALSE,22,24
"25","1005","684","1005m","24-26","M",1.23,"LOI","M",NA,4.2,NA,FALSE,24,26
"25","1005","684","1005n","26-28","M",1.1,"LOI","M",NA,4,NA,FALSE,26,28
"25","1005","684","1005o","28-30","M",1.29,"LOI","M",NA,3.8,NA,FALSE,28,30
"25","1005","684","1005p","30-32","M",1.34,"LOI","M",NA,3.9,NA,FALSE,30,32
"25","1005","684","1005q","32-34","M",1.17,"LOI","M",NA,3.9,NA,FALSE,32,34
"25","1005","684","1005r","34-36","M",1.39,"LOI","M",NA,3.7,NA,FALSE,34,36
"25","1005","684","1005s","36-38","M",1.38,"LOI","M",NA,3.6,NA,FALSE,36,38
"25","1005","684","1005t","38-40","M",1.18,"LOI","M",NA,3.9,NA,FALSE,38,40
"25","1005","684","1005u","40-42","M",0.8,"LOI","M",NA,3.9,NA,FALSE,40,42
"25","1005","684","1005v",NA,"E",0.8,NA,"E",NA,3.9,NA,FALSE,NA,NA
"25","1006","685","1006a","0-2","M",0.82,"LOI","M",NA,3.9,NA,FALSE,0,2
"25","1006","685","1006b","2-4","M",1.01,"LOI","M",NA,3.2,NA,FALSE,2,4
"25","1006","685","1006c","4-6","M",1.03,"LOI","M",NA,2.8,NA,FALSE,4,6
"25","1006","685","1006d","6-8","M",1.04,"LOI","M",NA,3.1,NA,FALSE,6,8
"25","1006","685","1006e","8-10","M",1.13,"LOI","M",NA,3.3,NA,FALSE,8,10
"25","1006","685","1006f","10-12","M",1,"LOI","M",NA,3.2,NA,FALSE,10,12
"25","1006","685","1006g","12-14","M",0.98,"LOI","M",NA,3.2,NA,FALSE,12,14
"25","1006","685","1006h","14-16","M",0.98,"LOI","M",NA,3.2,NA,FALSE,14,16
"25","1006","685","1006i","16-18","M",1.02,"LOI","M",NA,3,NA,FALSE,16,18
"25","1006","685","1006j","18-20","M",1.06,"LOI","M",NA,3.2,NA,FALSE,18,20
"25","1006","685","1006k","20-22","M",1.08,"LOI","M",NA,3.1,NA,FALSE,20,22
"25","1006","685","1006l","22-24","M",1.25,"LOI","M",NA,3.4,NA,FALSE,22,24
"25","1006","685","1006m","24-26","M",1.15,"LOI","M",NA,3.3,NA,FALSE,24,26
"25","1006","685","1006n","26-28","M",1.19,"LOI","M",NA,3.7,NA,FALSE,26,28
"25","1006","685","1006o","28-30","M",1.18,"LOI","M",NA,2.4,NA,FALSE,28,30
"25","1006","685","1006p","30-32","M",1.14,"LOI","M",NA,3.2,NA,FALSE,30,32
"25","1006","685","1006q","32-34","M",1.05,"LOI","M",NA,3.4,NA,FALSE,32,34
"25","1006","685","1006r","34-36","M",1.14,"LOI","M",NA,3.6,NA,FALSE,34,36
"25","1006","685","1006s","36-38","M",1.09,"LOI","M",NA,3.3,NA,FALSE,36,38
"25","1006","685","1006t","38-40","M",1.05,"LOI","M",NA,3.3,NA,FALSE,38,40
"25","1006","685","1006u","40-42","M",1.16,"LOI","M",NA,3.2,NA,FALSE,40,42
"25","1006","685","1006v","42-44","M",1.23,"LOI","M",NA,3,NA,FALSE,42,44
"25","1006","685","1006w","44-46","M",1.16,"LOI","M",NA,3.2,NA,FALSE,44,46
"25","1006","685","1006x","46-48","M",1.4,"LOI","M",NA,3.2,NA,FALSE,46,48
"25","1006","685","1006y","48-50","M",1.19,"LOI","M",NA,2.7,NA,FALSE,48,50
"46","1023","PM-S-1","1023a","0-2","M",1.37,"CHN&LOI","M","M",2.1,0.5,FALSE,0,2
"46","1023","PM-S-1","1023b","4-6","M",1.57,"CHN&LOI","M","M",2.6,0.5,FALSE,4,6
"46","1023","PM-S-1","1023c","8-10","M",1.03,"CHN&LOI","M","M",4.8,1,FALSE,8,10
"46","1023","PM-S-1","1023d","12-14","M",1.28,"CHN&LOI","M","M",2.5,0.5,FALSE,12,14
"46","1023","PM-S-1","1023e","16-18","M",1.44,"CHN&LOI","M","M",2.7,0.5,FALSE,16,18
"46","1023","PM-S-1","1023f","20-22","M",1.35,"CHN&LOI","M","M",2.1,0.5,FALSE,20,22
"46","1023","PM-S-1","1023g","24-26","M",1.32,"CHN&LOI","M","M",2.3,0.5,FALSE,24,26
"46","1023","PM-S-1","1023h","28-30","M",1.63,"CHN&LOI","M","M",2.4,0.5,FALSE,28,30
"46","1023","PM-S-1","1023i","32-34","M",1.61,"CHN&LOI","M","M",2.2,0.5,FALSE,32,34
"46","1023","PM-S-1","1023j","36-38","M",1.28,"CHN&LOI","M","M",3.2,0.6,FALSE,36,38
"46","1023","PM-S-1","1023k","40-42","M",1.53,"CHN&LOI","M","M",2.1,0.5,FALSE,40,42
"46","1023","PM-S-1","1023l","44-46","M",1.36,"CHN&LOI","M","M",2.6,0.6,FALSE,44,46
"46","1023","PM-S-1","1023m","48-50","M",1.33,"CHN&LOI","M","M",2.7,0.6,FALSE,48,50
"46","1023","PM-S-1","1023n","52-54","M",1.32,"CHN&LOI","M","M",3.1,0.6,FALSE,52,54
"46","1023","PM-S-1","1023o",NA,"I",1.33,NA,"I","I",2.9,0.6,FALSE,NA,NA
"46","1023","PM-S-1","1023p","60-62","M",1.35,"CHN&LOI","M","M",2.7,0.5,FALSE,60,62
"46","1023","PM-S-1","1023q","64-66","M",1.2,"CHN&LOI","M","M",3.7,0.9,FALSE,64,66
"46","1023","PM-S-1","1023r","68-70","M",1.54,"CHN&LOI","M","M",3.2,0.6,FALSE,68,70
"46","1023","PM-S-1","1023s","72-74","M",1.36,"CHN&LOI","M","M",3.3,0.9,FALSE,72,74
"46","1023","PM-S-1","1023t","76-78","M",1.35,"CHN&LOI","M","M",3.7,0.7,FALSE,76,78
"46","1023","PM-S-1","1023u","80-82","M",1.37,"CHN&LOI","M","M",3.1,0.7,FALSE,80,82
"46","1023","PM-S-1","1023v",NA,"E",1.37,NA,"E","E",3.1,0.7,FALSE,NA,NA
"46","1024","PM-S-2","1024a","4-6","M",1.08,"CHN&LOI","M","M",3.6,0.7,FALSE,4,6
"46","1024","PM-S-2","1024b","8-10","M",1.27,"CHN&LOI","M","M",3.2,0.7,FALSE,8,10
"46","1024","PM-S-2","1024c","12-14","M",1.27,"CHN&LOI","M","M",2.8,0.6,FALSE,12,14
"46","1024","PM-S-2","1024d","16-18","M",1.35,"CHN&LOI","M","M",2.8,0.6,FALSE,16,18
"46","1024","PM-S-2","1024e","20-22","M",1.33,"CHN&LOI","M","M",2.6,0.6,FALSE,20,22
"46","1024","PM-S-2","1024f","24-26","M",1.35,"CHN&LOI","M","M",3.2,0.6,FALSE,24,26
"46","1024","PM-S-2","1024g","28-30","M",1.89,"CHN&LOI","M","M",3.5,0.9,FALSE,28,30
"46","1024","PM-S-2","1024h",NA,"I",1.61,NA,"I","I",3.3,0.8,FALSE,NA,NA
"46","1024","PM-S-2","1024i",NA,"I",1.34,NA,"I","I",3.1,0.7,FALSE,NA,NA
"46","1024","PM-S-2","1024j","40-42","M",1.07,"CHN&LOI","M","M",2.9,0.6,FALSE,40,42
"46","1024","PM-S-2","1024k",NA,"I",1.22,NA,"I","I",2.9,0.6,FALSE,NA,NA
"46","1024","PM-S-2","1024l",NA,"I",1.37,NA,"I","I",2.9,0.6,FALSE,NA,NA
"46","1024","PM-S-2","1024m","52-54","M",1.52,"CHN&LOI","M","M",2.9,0.6,FALSE,52,54
"46","1025","PM-S-3","1025a","3-5","M",1.34,"CHN&LOI","M","M",3.4,0.7,FALSE,3,5
"46","1025","PM-S-3","1025b","7-9","M",1.36,"CHN&LOI","M","M",3.2,0.7,FALSE,7,9
"46","1025","PM-S-3","1025c","11-13","M",1.16,"CHN&LOI","M","M",3.3,0.7,FALSE,11,13
"46","1025","PM-S-3","1025d",NA,"I",1.21,NA,"I","I",3.1,0.6,FALSE,NA,NA
"46","1025","PM-S-3","1025e","19-21","M",1.26,"CHN&LOI","M","M",3,0.6,FALSE,19,21
"46","1025","PM-S-3","1025f","23-25","M",1.29,"CHN&LOI","M","M",2.7,0.5,FALSE,23,25
"46","1025","PM-S-3","1025g","27-29","M",1.18,"CHN&LOI","M","M",3.2,0.6,FALSE,27,29
"46","1025","PM-S-3","1025h","31-33","M",1.24,"CHN&LOI","M","M",2.9,0.6,FALSE,31,33
"46","1025","PM-S-3","1025i","35-37","M",1.15,"CHN&LOI","M","M",3.4,0.7,FALSE,35,37
"46","1025","PM-S-3","1025j","39-41","M",1.13,"CHN&LOI","M","M",2.4,0.6,FALSE,39,41
"46","1025","PM-S-3","1025k","43-45","M",1.43,"CHN&LOI","M","M",3.2,0.7,FALSE,43,45
"46","1025","PM-S-3","1025l","47-49","M",1.44,"CHN&LOI","M","M",2.7,0.5,FALSE,47,49
"46","1025","PM-S-3","1025m",NA,"I",1.4,NA,"I","I",2.7,0.6,FALSE,NA,NA
"46","1025","PM-S-3","1025n","55-57","M",1.37,"CHN&LOI","M","M",2.7,0.7,FALSE,55,57
"46","1025","PM-S-3","1025o",NA,"I",1.39,NA,"I","I",2.8,0.6,FALSE,NA,NA
"46","1025","PM-S-3","1025p","63-65","M",1.41,"CHN&LOI","M","M",2.8,0.5,FALSE,63,65
"46","1025","PM-S-3","1025q",NA,"I",1.37,NA,"I","I",2.8,0.6,FALSE,NA,NA
"46","1025","PM-S-3","1025r","71-73","M",1.32,"CHN&LOI","M","M",2.7,0.7,FALSE,71,73
"46","1025","PM-S-3","1025s",NA,"I",1.42,NA,"I","I",2.3,0.6,FALSE,NA,NA
"46","1025","PM-S-3","1025t","79-81","M",1.51,"CHN&LOI","M","M",1.9,0.5,FALSE,79,81
"46","1025","PM-S-3","1025u",NA,"E",1.51,NA,"E","E",1.9,0.5,FALSE,NA,NA
"55","1115","BSQ-BC-13","1115a","0-1","M",1.53,"CHN&LOI","M","M",2,0.5,FALSE,0,1
"55","1115","BSQ-BC-13","1115b","1-2","M",1.53,"CHN&LOI","M","M",1.5,0.3,FALSE,1,2
"55","1115","BSQ-BC-13","1115c","2-3","M",1.46,"CHN&LOI","M","M",1.6,0.3,FALSE,2,3
"55","1115","BSQ-BC-13","1115d","3-4","M",1.73,"CHN&LOI","M","M",1.4,0.3,FALSE,3,4
"55","1115","BSQ-BC-13","1115e","4-5","M",1.65,"CHN&LOI","M","M",1.3,0.2,FALSE,4,5
"55","1115","BSQ-BC-13","1115f","5-6","M",1.4,"CHN&LOI","M","M",1.4,0.2,FALSE,5,6
"55","1115","BSQ-BC-13","1115g","6-7","M",1.3,"CHN&LOI","M","M",1.1,0.2,FALSE,6,7
"55","1115","BSQ-BC-13","1115h","7-8","M",1.49,"CHN&LOI","M","M",0.9,0.3,FALSE,7,8
"55","1115","BSQ-BC-13","1115i","8-9","M",1.5,"CHN&LOI","M","M",1.1,0.2,FALSE,8,9
"55","1115","BSQ-BC-13","1115j","9-10","M",1.3,"CHN&LOI","M","M",0.8,0.1,FALSE,9,10
"55","1115","BSQ-BC-13","1115k","12-13","M",1.47,"CHN&LOI","M","M",0.9,0.1,FALSE,12,13
"55","1115","BSQ-BC-13","1115l","15-16","M",1.28,"CHN&LOI","M","M",0.8,0.1,FALSE,15,16
"55","1115","BSQ-BC-13","1115m","18-19","M",1.41,"CHN&LOI","M","M",0.8,0.1,FALSE,18,19
"55","1115","BSQ-BC-13","1115n","21-22","M",1.48,"CHN&LOI","M","M",0.8,0.1,FALSE,21,22
"55","1115","BSQ-BC-13","1115o","24-25","M",1.54,"CHN&LOI","M","M",0.9,0.1,FALSE,24,25
"55","1115","BSQ-BC-13","1115p","29-30","M",1.52,"CHN&LOI","M","M",0.9,0.1,FALSE,29,30
"55","1115","BSQ-BC-13","1115q","34-35","M",1.41,"CHN&LOI","M","M",0.9,0.2,FALSE,34,35
"55","1115","BSQ-BC-13","1115r","39-40","M",1.36,"CHN&LOI","M","M",0.8,0.1,FALSE,39,40
"55","1115","BSQ-BC-13","1115s","44-45","M",1.45,"CHN&LOI","M","M",0.8,0.1,FALSE,44,45
"55","1115","BSQ-BC-13","1115t","49-50","M",1.3,"CHN&LOI","M","M",0.7,0.1,FALSE,49,50
"55","1115","BSQ-BC-13","1115u","54-55","M",1.4,"CHN&LOI","M","M",0.7,0.1,FALSE,54,55
"55","1115","BSQ-BC-13","1115v","59-60","M",1.26,"CHN&LOI","M","M",0.6,0.1,FALSE,59,60
"55","1115","BSQ-BC-13","1115w","64-65","M",1.44,"CHN&LOI","M","M",0.6,0.1,FALSE,64,65
"55","1115","BSQ-BC-13","1115x","69-70","M",1.61,"CHN&LOI","M","M",0.7,0.1,FALSE,69,70
"55","1115","BSQ-BC-13","1115y","74-75","M",0.88,"CHN&LOI","M","M",0.7,0.1,FALSE,74,75
"55","1115","BSQ-BC-13","1115z","79-80","M",1.57,"CHN&LOI","M","M",0.6,0.1,FALSE,79,80
"55","1115","BSQ-BC-13","1115aa","84-85","M",1.81,"CHN&LOI","M","M",0.6,0.1,FALSE,84,85
"55","1115","BSQ-BC-13","1115ab","89-90","M",1.58,"CHN&LOI","M","M",0.6,0.1,FALSE,89,90
"55","1115","BSQ-BC-13","1115ac","94-95","M",1.52,"CHN&LOI","M","M",0.7,0.1,FALSE,94,95
"55","1115","BSQ-BC-13","1115ad","99-100","M",1.65,"CHN&LOI","M","M",0.6,0.1,FALSE,99,100
"55","1116","BSQ-BC-14","1116a","0-1","M",1.37,"CHN&LOI","M","M",2.9,0.6,FALSE,0,1
"55","1116","BSQ-BC-14","1116b","1-2","M",1.46,"CHN&LOI","M","M",2.8,0.5,FALSE,1,2
"55","1116","BSQ-BC-14","1116c","2-3","M",1.39,"CHN&LOI","M","M",2.8,0.5,FALSE,2,3
"55","1116","BSQ-BC-14","1116d","3-4","M",1.44,"CHN&LOI","M","M",2.8,0.5,FALSE,3,4
"55","1116","BSQ-BC-14","1116e","4-5","M",1.68,"CHN&LOI","M","M",2.7,0.5,FALSE,4,5
"55","1116","BSQ-BC-14","1116f","5-6","M",1.23,"CHN&LOI","M","M",2.8,0.5,FALSE,5,6
"55","1116","BSQ-BC-14","1116g","6-7","M",1.7,"CHN&LOI","M","M",2.5,0.5,FALSE,6,7
"55","1116","BSQ-BC-14","1116h","7-8","M",1.45,"CHN&LOI","M","M",2.7,0.4,FALSE,7,8
"55","1116","BSQ-BC-14","1116i","8-9","M",1.35,"CHN&LOI","M","M",2.6,0.5,FALSE,8,9
"55","1116","BSQ-BC-14","1116j","9-10","M",1.34,"CHN&LOI","M","M",2.8,0.4,FALSE,9,10
"55","1116","BSQ-BC-14","1116k","12-13","M",1.41,"CHN&LOI","M","M",2.4,0.4,FALSE,12,13
"55","1116","BSQ-BC-14","1116l","15-16","M",1.68,"CHN&LOI","M","M",2.2,0.4,FALSE,15,16
"55","1116","BSQ-BC-14","1116m","18-19","M",1.77,"CHN&LOI","M","M",2.3,0.4,FALSE,18,19
"55","1116","BSQ-BC-14","1116n","21-22","M",1.69,"CHN&LOI","M","M",2.2,0.3,FALSE,21,22
"55","1116","BSQ-BC-14","1116o","24-25","M",1.67,"CHN&LOI","M","M",2.7,0.5,FALSE,24,25
"55","1116","BSQ-BC-14","1116p","26-28","M",1.57,"LOI","M",NA,2.4,NA,FALSE,26,28
"55","1116","BSQ-BC-14","1116q","28-30","M",1.56,"LOI","M",NA,2.3,NA,FALSE,28,30
"55","1116","BSQ-BC-14","1116r","30-31","M",1.72,"LOI","M",NA,2.4,NA,FALSE,30,31
"55","1116","BSQ-BC-14","1116s","31-32","M",1.63,"CHN&LOI","M","M",2.5,0.2,FALSE,31,32
"55","1116","BSQ-BC-14","1116t","32-33","M",1.94,"CHN&LOI","M","M",2.5,0,FALSE,32,33
"55","1116","BSQ-BC-14","1116u","34-35","M",1.66,"CHN&LOI","M","M",2.4,0.2,FALSE,34,35
"55","1116","BSQ-BC-14","1116v","36-37","M",1.55,"CHN&LOI","M","M",2.7,0.2,FALSE,36,37
"55","1116","BSQ-BC-14","1116w","37-39","M",1.51,"CHN&LOI","M","M",2.9,0,FALSE,37,39
"55","1116","BSQ-BC-14","1116x","39-40","M",1.54,"CHN&LOI","M","M",2.6,0.2,FALSE,39,40
"55","1116","BSQ-BC-14","1116y","40-41","M",1.83,"CHN&LOI","M","M",2.7,0.2,FALSE,40,41
"55","1116","BSQ-BC-14","1116z","42-43","M",1.89,"CHN&LOI","M","M",2.5,0.1,FALSE,42,43
"55","1116","BSQ-BC-14","1116aa","44-45","M",1.41,"CHN&LOI","M","M",2.5,0.2,FALSE,44,45
"55","1116","BSQ-BC-14","1116ab","46-47","M",1.7,"CHN&LOI","M","M",2.2,0.2,FALSE,46,47
"55","1116","BSQ-BC-14","1116ac","47-48","M",1.45,"CHN&LOI","M","M",2.5,0.2,FALSE,47,48
"55","1116","BSQ-BC-14","1116ad","48-49","M",1.48,"CHN&LOI","M","M",2.6,0.2,FALSE,48,49
"55","1116","BSQ-BC-14","1116ae","49-51","M",1.6,"LOI","M",NA,2.3,NA,FALSE,49,51
"55","1117","BSQ-BC-15","1117a","0-1","M",1.18,"CHN&LOI","M","M",3,0.7,FALSE,0,1
"55","1117","BSQ-BC-15","1117b","1-2","M",1.51,"CHN&LOI","M","M",2.3,0.5,FALSE,1,2
"55","1117","BSQ-BC-15","1117c","2-3","M",1.32,"CHN&LOI","M","M",2.2,0.6,FALSE,2,3
"55","1117","BSQ-BC-15","1117d","3-4","M",1.54,"CHN&LOI","M","M",2.1,0.5,FALSE,3,4
"55","1117","BSQ-BC-15","1117e","4-5","M",1.58,"CHN&LOI","M","M",2,0.4,FALSE,4,5
"55","1117","BSQ-BC-15","1117f","5-6","M",1.76,"CHN&LOI","M","M",1.7,0.4,FALSE,5,6
"55","1117","BSQ-BC-15","1117g","6-7","M",1.43,"CHN&LOI","M","M",1.9,0.5,FALSE,6,7
"55","1117","BSQ-BC-15","1117h","7-8","M",1.23,"CHN&LOI","M","M",2.7,0.7,FALSE,7,8
"55","1117","BSQ-BC-15","1117i","8-9","M",1.11,"CHN&LOI","M","M",3.1,0.9,FALSE,8,9
"55","1117","BSQ-BC-15","1117j","9-10","M",1.09,"CHN&LOI","M","M",3.5,0.9,FALSE,9,10
"55","1117","BSQ-BC-15","1117k","12-13","M",1.09,"CHN&LOI","M","M",3.5,1.1,FALSE,12,13
"55","1117","BSQ-BC-15","1117l","15-16","M",1.47,"CHN&LOI","M","M",2.2,0.7,FALSE,15,16
"55","1117","BSQ-BC-15","1117m","18-19","M",1.39,"CHN&LOI","M","M",2.4,0.6,FALSE,18,19
"55","1117","BSQ-BC-15","1117n","21-22","M",1.43,"CHN&LOI","M","M",2.2,0.6,FALSE,21,22
"55","1117","BSQ-BC-15","1117o","24-25","M",1.49,"CHN&LOI","M","M",1.9,0.5,FALSE,24,25
"55","1117","BSQ-BC-15","1117p","27-28","M",1.46,"CHN&LOI","M","M",1.9,0.4,FALSE,27,28
"55","1117","BSQ-BC-15","1117q","30-31","M",1.67,"CHN&LOI","M","M",1.6,0.3,FALSE,30,31
"55","1117","BSQ-BC-15","1117r","35-36","M",1.58,"CHN&LOI","M","M",1.9,0.1,FALSE,35,36
"55","1117","BSQ-BC-15","1117s","40-41","M",1.51,"CHN&LOI","M","M",2.5,0.1,FALSE,40,41
"55","1117","BSQ-BC-15","1117t","45-46","M",1.5,"CHN&LOI","M","M",2.6,0.1,FALSE,45,46
"55","1117","BSQ-BC-15","1117u","50-51","M",1.59,"CHN&LOI","M","M",2,0,FALSE,50,51
"55","1117","BSQ-BC-15","1117v","55-56","M",1.84,"CHN&LOI","M","M",1.5,0,FALSE,55,56
"55","1117","BSQ-BC-15","1117w","59-60","M",1.85,"CHN&LOI","M","M",1.4,0,FALSE,59,60
"55","1117","BSQ-BC-15","1117x","61-62","M",1.74,"CHN&LOI","M","M",1.5,0,FALSE,61,62
"55","1117","BSQ-BC-15","1117y","65-66","M",1.94,"CHN&LOI","M","M",1.1,0,FALSE,65,66
"55","1117","BSQ-BC-15","1117z","70-71","M",1.31,"CHN&LOI","M","M",0.5,0,FALSE,70,71
"55","1117","BSQ-BC-15","1117aa","75-76","M",1.29,"CHN&LOI","M","M",0.5,0,FALSE,75,76
"55","1117","BSQ-BC-15","1117ab","80-81","M",1.31,"CHN&LOI","M","M",0.4,0,FALSE,80,81
"55","1117","BSQ-BC-15","1117ac","90-91","M",1.02,"CHN&LOI","M","M",0.4,0,FALSE,90,91
"55","1117","BSQ-BC-15","1117ad","95-96","M",1.24,"CHN&LOI","M","M",0.5,0,FALSE,95,96
"55","1117","BSQ-BC-15","1117ae","100-101","M",1.24,"CHN&LOI","M","M",0.7,0,FALSE,100,101
"57","1150","BCSQP1","1150a","0-1","M",0.6,"CHN&LOI","M","M",3.7,0.8,FALSE,0,1
"57","1150","BCSQP1","1150b","1-2","M",0.92,"CHN&LOI","M","M",3.2,0.6,FALSE,1,2
"57","1150","BCSQP1","1150c","2-3","M",1.07,NA,"I","I",3,0.6,FALSE,2,3
"57","1150","BCSQP1","1150d","3-4","M",1.04,NA,"I","I",2.8,0.5,FALSE,3,4
"57","1150","BCSQP1","1150e","4-5","M",1.46,NA,"I","I",2.6,0.5,FALSE,4,5
"57","1150","BCSQP1","1150f","5-6","M",1.28,"CHN&LOI","M","M",2.4,0.4,FALSE,5,6
"57","1150","BCSQP1","1150g","6-7","M",1.51,NA,"I","I",2.4,0.4,FALSE,6,7
"57","1150","BCSQP1","1150h","7-8","M",1.35,NA,"I","I",2.4,0.4,FALSE,7,8
"57","1150","BCSQP1","1150i","8-9","M",1.56,NA,"I","I",2.4,0.4,FALSE,8,9
"57","1150","BCSQP1","1150j","9-10","M",1.31,"CHN&LOI","M","M",2.4,0.4,FALSE,9,10
"57","1150","BCSQP1","1150k","10-11","M",1.29,NA,"I","I",2.4,0.4,FALSE,10,11
"57","1150","BCSQP1","1150l","11-12","M",1.2,NA,"I","I",2.4,0.5,FALSE,11,12
"57","1150","BCSQP1","1150m","12-13","M",1.84,NA,"I","I",2.4,0.6,FALSE,12,13
"57","1150","BCSQP1","1150n","13-14","M",1.45,"CHN&LOI","M","M",2.4,0.7,FALSE,13,14
"57","1150","BCSQP1","1150o","14-15","M",1.25,NA,"I","I",2.5,0.6,FALSE,14,15
"57","1150","BCSQP1","1150p","15-16","M",1.21,NA,"I","I",2.7,0.6,FALSE,15,16
"57","1150","BCSQP1","1150q","16-17","M",1.25,NA,"I","I",2.8,0.6,FALSE,16,17
"57","1150","BCSQP1","1150r","17-18","M",1.38,"CHN&LOI","M","M",2.9,0.5,FALSE,17,18
"57","1150","BCSQP1","1150s","18-19","M",1.34,NA,"I","I",3.1,0.6,FALSE,18,19
"57","1150","BCSQP1","1150t","19-20","M",1.31,NA,"I","I",3.2,0.7,FALSE,19,20
"57","1150","BCSQP1","1150u","20-21","M",1.21,NA,"I","I",3.3,0.8,FALSE,20,21
"57","1150","BCSQP1","1150v","21-22","M",1.16,"CHN&LOI","M","M",3.4,0.9,FALSE,21,22
"57","1150","BCSQP1","1150w","22-23","M",1.11,NA,"I","I",3.4,0.9,FALSE,22,23
"57","1150","BCSQP1","1150x","23-24","M",1.14,NA,"I","I",3.4,1,FALSE,23,24
"57","1150","BCSQP1","1150y","24-25","M",1.16,NA,"I","I",3.4,1.1,FALSE,24,25
"57","1150","BCSQP1","1150z","25-26","M",1.13,"CHN&LOI","M","M",3.4,1.2,FALSE,25,26
"57","1150","BCSQP1","1150aa","26-27","M",1.16,NA,"I","I",3.2,1.1,FALSE,26,27
"57","1150","BCSQP1","1150ab","27-28","M",1.41,NA,"I","I",3.1,1,FALSE,27,28
"57","1150","BCSQP1","1150ac","28-29","M",1.28,NA,"I","I",2.9,0.8,FALSE,28,29
"57","1150","BCSQP1","1150ad","29-30","M",1.23,"CHN&LOI","M","M",2.7,0.7,FALSE,29,30
"57","1150","BCSQP1","1150ae","30-31","M",1.34,NA,"I","I",2.6,0.7,FALSE,30,31
"57","1150","BCSQP1","1150af","31-32","M",1.36,NA,"I","I",2.5,0.6,FALSE,31,32
"57","1150","BCSQP1","1150ag","32-33","M",1.29,NA,"I","I",2.4,0.5,FALSE,32,33
"57","1150","BCSQP1","1150ah","33-34","M",1.28,"CHN&LOI","M","M",2.3,0.5,FALSE,33,34
"57","1150","BCSQP1","1150ai","34-35","M",1.29,NA,"I","I",2.2,0.5,FALSE,34,35
"57","1150","BCSQP1","1150aj","35-36","M",1.41,NA,"I","I",2.1,0.5,FALSE,35,36
"57","1150","BCSQP1","1150ak","36-37","M",1.36,NA,"I","I",2,0.5,FALSE,36,37
"57","1150","BCSQP1","1150al","37-38","M",1.32,"CHN&LOI","M","M",1.9,0.5,FALSE,37,38
"57","1150","BCSQP1","1150am","38-39","M",1.39,NA,"I","I",1.9,0.5,FALSE,38,39
"57","1150","BCSQP1","1150an","39-40","M",1.45,NA,"I","I",1.9,0.5,FALSE,39,40
"57","1150","BCSQP1","1150ao","40-41","M",1.41,NA,"I","I",1.8,0.5,FALSE,40,41
"57","1150","BCSQP1","1150ap","41-42","M",1.45,"CHN&LOI","M","M",1.8,0.4,FALSE,41,42
"57","1150","BCSQP1","1150aq","42-43","M",1.46,NA,"I","I",1.8,0.5,FALSE,42,43
"57","1150","BCSQP1","1150ar","43-44","M",1.43,NA,"I","I",1.8,0.5,FALSE,43,44
"57","1150","BCSQP1","1150as","44-45","M",1.49,NA,"I","I",1.8,0.5,FALSE,44,45
"57","1150","BCSQP1","1150at","45-46","M",1.53,"CHN&LOI","M","M",1.9,0.5,FALSE,45,46
"57","1150","BCSQP1","1150au","46-47","I",1.29,NA,"I","I",1.9,0.5,FALSE,46,47
"57","1150","BCSQP1","1150av","47-48","I",1.34,NA,"I","I",1.9,0.5,FALSE,47,48
"57","1150","BCSQP1","1150aw","48-49","I",1.56,NA,"I","I",2,0.5,FALSE,48,49
"57","1150","BCSQP1","1150ax","49-50","M",1.41,"CHN&LOI","M","M",2,0.5,FALSE,49,50
"57","1151","BCSQP2","1151a","0-1","M",1.26,"CHN&LOI","M","M",4.3,1.1,FALSE,0,1
"57","1151","BCSQP2","1151b","1-2","M",0.95,"CHN&LOI","M","M",4.5,1.4,FALSE,1,2
"57","1151","BCSQP2","1151c","2-3","M",0.93,NA,"I","I",4.5,1.3,FALSE,2,3
"57","1151","BCSQP2","1151d","3-4","M",1.21,NA,"I","I",4.6,1.3,FALSE,3,4
"57","1151","BCSQP2","1151e","4-5","M",1.16,NA,"I","I",4.7,1.2,FALSE,4,5
"57","1151","BCSQP2","1151f","5-6","M",0.95,"CHN&LOI","M","M",4.7,1.1,FALSE,5,6
"57","1151","BCSQP2","1151g","6-7","M",1.19,NA,"I","I",4.7,1.1,FALSE,6,7
"57","1151","BCSQP2","1151h","7-8","M",0.87,NA,"I","I",4.6,1.1,FALSE,7,8
"57","1151","BCSQP2","1151i","8-9","M",1.07,NA,"I","I",4.6,1.1,FALSE,8,9
"57","1151","BCSQP2","1151j","9-10","M",1.15,"CHN&LOI","M","M",4.5,1.1,FALSE,9,10
"57","1151","BCSQP2","1151k","10-11","M",0.89,NA,"I","I",4.6,1.1,FALSE,10,11
"57","1151","BCSQP2","1151l","11-12","M",1.17,NA,"I","I",4.6,1.2,FALSE,11,12
"57","1151","BCSQP2","1151m","12-13","M",1.15,NA,"I","I",4.7,1.2,FALSE,12,13
"57","1151","BCSQP2","1151n","13-14","M",1.01,"CHN&LOI","M","M",4.7,1.3,FALSE,13,14
"57","1151","BCSQP2","1151o","14-15","M",1.03,NA,"I","I",4.8,1.3,FALSE,14,15
"57","1151","BCSQP2","1151p","15-16","M",1.03,NA,"I","I",4.9,1.3,FALSE,15,16
"57","1151","BCSQP2","1151q","16-17","M",1.23,NA,"I","I",5,1.3,FALSE,16,17
"57","1151","BCSQP2","1151r","17-18","M",0.95,"CHN&LOI","M","M",5.1,1.3,FALSE,17,18
"57","1151","BCSQP2","1151s","18-19","M",0.93,NA,"I","I",5.6,1.5,FALSE,18,19
"57","1151","BCSQP2","1151t","19-20","M",0.71,NA,"I","I",6.1,1.7,FALSE,19,20
"57","1151","BCSQP2","1151u","20-21","M",0.9,NA,"I","I",6.6,1.9,FALSE,20,21
"57","1151","BCSQP2","1151v","21-22","M",0.7,"CHN&LOI","M","M",7.1,2,FALSE,21,22
"57","1151","BCSQP2","1151w","22-23","M",0.73,NA,"I","I",7.7,2.2,FALSE,22,23
"57","1151","BCSQP2","1151x","23-24","M",0.74,"CHN&LOI","M","M",8.2,2.3,FALSE,23,24
"57","1151","BCSQP2","1151y","24-25","M",0.68,NA,"I","I",8.7,2.4,FALSE,24,25
"57","1151","BCSQP2","1151z","25-26","M",0.68,"CHN&LOI","M","M",9.1,2.4,FALSE,25,26
"57","1151","BCSQP2","1151aa","26-27","M",0.81,NA,"I","I",6.9,1.9,FALSE,26,27
"57","1151","BCSQP2","1151ab","27-28","M",0.91,"CHN&LOI","M","M",4.7,1.5,FALSE,27,28
"57","1151","BCSQP2","1151ac","28-29","M",0.97,NA,"I","I",4.2,1.2,FALSE,28,29
"57","1151","BCSQP2","1151ad","29-30","M",1.03,"CHN&LOI","M","M",3.6,0.8,FALSE,29,30
"57","1151","BCSQP2","1151ae","30-31","M",1.22,NA,"I","I",3.5,0.8,FALSE,30,31
"57","1151","BCSQP2","1151af","31-32","M",1.05,NA,"I","I",3.3,0.8,FALSE,31,32
"57","1151","BCSQP2","1151ag","32-33","M",1.25,NA,"I","I",3.2,0.8,FALSE,32,33
"57","1151","BCSQP2","1151ah","33-34","M",1.23,"CHN&LOI","M","M",3,0.8,FALSE,33,34
"57","1151","BCSQP2","1151ai","34-35","M",1.19,NA,"I","I",2.9,0.7,FALSE,34,35
"57","1151","BCSQP2","1151aj","35-36","M",1.2,NA,"I","I",2.8,0.7,FALSE,35,36
"57","1151","BCSQP2","1151ak","36-37","M",1.27,NA,"I","I",2.7,0.7,FALSE,36,37
"57","1151","BCSQP2","1151al","37-38","M",1.24,"CHN&LOI","M","M",2.5,0.6,FALSE,37,38
"57","1151","BCSQP2","1151am","38-39","M",1.22,NA,"I","I",2.5,0.6,FALSE,38,39
"57","1151","BCSQP2","1151an","39-40","M",1.22,NA,"I","I",2.4,0.5,FALSE,39,40
"57","1151","BCSQP2","1151ao","40-41","M",1.26,NA,"I","I",2.3,0.5,FALSE,40,41
"57","1151","BCSQP2","1151ap","41-42","M",1.27,"CHN&LOI","M","M",2.3,0.5,FALSE,41,42
"57","1151","BCSQP2","1151aq","42-43","M",1.27,NA,"I","I",2.3,0.5,FALSE,42,43
"57","1151","BCSQP2","1151ar","43-44","M",1.24,NA,"I","I",2.4,0.6,FALSE,43,44
"57","1151","BCSQP2","1151as","44-45","M",1.41,NA,"I","I",2.5,0.6,FALSE,44,45
"57","1151","BCSQP2","1151at","45-46","M",1.29,"CHN&LOI","M","M",2.6,0.7,FALSE,45,46
"57","1151","BCSQP2","1151au","46-47","M",1.25,NA,"I","I",2.6,0.7,FALSE,46,47
"57","1151","BCSQP2","1151av","47-48","M",1.24,NA,"I","I",2.7,0.7,FALSE,47,48
"57","1151","BCSQP2","1151aw","48-49","M",1.48,NA,"I","I",2.7,0.7,FALSE,48,49
"57","1151","BCSQP2","1151ax","49-50","M",1.36,"CHN&LOI","M","M",2.7,0.7,FALSE,49,50
"57","1151","BCSQP2","1151ay","50-55","M",1.31,"CHN&LOI","M","M",2.8,0.6,FALSE,50,55
"57","1151","BCSQP2","1151az","55-60","M",1.33,"CHN&LOI","M","M",2.7,0.6,FALSE,55,60
"60","1153","AMR-02","1153a","0-2","M",1.25,"LOI","M",NA,11.9,NA,FALSE,0,2
"60","1153","AMR-02","1153b","2-4","M",0.83,"LOI","M",NA,14.9,NA,FALSE,2,4
"60","1153","AMR-02","1153c","4-6","M",1.03,"LOI","M",NA,10.3,NA,FALSE,4,6
"60","1153","AMR-02","1153d","6-8","M",0.88,"LOI","M",NA,11.2,NA,FALSE,6,8
"60","1153","AMR-02","1153e","8-10","M",1.08,"LOI","M",NA,13.3,NA,FALSE,8,10
"60","1153","AMR-02","1153f","10-12","M",0.94,"LOI","M",NA,11.8,NA,FALSE,10,12
"60","1153","AMR-02","1153g","12-14","M",1.16,"LOI","M",NA,12.4,NA,FALSE,12,14
"60","1153","AMR-02","1153h","14-16","M",0.97,"LOI","M",NA,10.6,NA,FALSE,14,16
"60","1153","AMR-02","1153i","16-18","M",1.04,"LOI","M",NA,12.2,NA,FALSE,16,18
"60","1153","AMR-02","1153j","18-20","M",1,"LOI","M",NA,10.5,NA,FALSE,18,20
"60","1153","AMR-02","1153k",NA,"E",1,NA,"E",NA,10.5,NA,FALSE,NA,NA
"60","1154","AMR-03","1154a","0-2","M",0.82,"LOI","M",NA,2.3,NA,FALSE,0,2
"60","1154","AMR-03","1154b","2-4","M",0.77,"LOI","M",NA,2.4,NA,FALSE,2,4
"60","1154","AMR-03","1154c","4-6","M",0.83,"LOI","M",NA,3,NA,FALSE,4,6
"60","1154","AMR-03","1154d","6-8","M",0.9,"LOI","M",NA,1.9,NA,FALSE,6,8
"60","1154","AMR-03","1154e","8-10","M",1.07,"LOI","M",NA,1.7,NA,FALSE,8,10
"60","1154","AMR-03","1154f","10-12","M",1.04,"LOI","M",NA,1.4,NA,FALSE,10,12
"60","1154","AMR-03","1154g","12-14","M",1.08,"LOI","M",NA,0.5,NA,FALSE,12,14
"60","1154","AMR-03","1154h","14-16","M",1.03,"LOI","M",NA,1.8,NA,FALSE,14,16
"60","1154","AMR-03","1154i","16-18","M",1.14,"LOI","M",NA,1.6,NA,FALSE,16,18
"60","1154","AMR-03","1154j","18-20","M",1.21,"LOI","M",NA,1.6,NA,FALSE,18,20
"60","1154","AMR-03","1154k",NA,"E",1.21,NA,"E",NA,1.6,NA,FALSE,NA,NA
"60","1155","AMR-04","1155a","0-2","M",1.07,"LOI","M",NA,11.8,NA,FALSE,0,2
"60","1155","AMR-04","1155b","2-4","M",0.87,"LOI","M",NA,5.2,NA,FALSE,2,4
"60","1155","AMR-04","1155c","4-6","M",0.97,"LOI","M",NA,19.9,NA,FALSE,4,6
"60","1155","AMR-04","1155d","6-8","M",1.08,"LOI","M",NA,9.7,NA,FALSE,6,8
"60","1155","AMR-04","1155e","8-10","M",1.11,"LOI","M",NA,10.8,NA,FALSE,8,10
"60","1155","AMR-04","1155f","10-12","M",1.05,"LOI","M",NA,9.3,NA,FALSE,10,12
"60","1155","AMR-04","1155g","12-14","M",1.13,"LOI","M",NA,7.4,NA,FALSE,12,14
"60","1155","AMR-04","1155h","14-16","M",1.14,"LOI","M",NA,9.1,NA,FALSE,14,16
"60","1155","AMR-04","1155i","16-18","M",1.09,"LOI","M",NA,10.8,NA,FALSE,16,18
"60","1155","AMR-04","1155j","18-20","M",1.16,"LOI","M",NA,13.1,NA,FALSE,18,20
"60","1155","AMR-04","1155k",NA,"E",1.16,NA,"E",NA,13.1,NA,FALSE,NA,NA
"60","1156","AMR-05","1156a","0-2","M",0.82,"LOI","M",NA,1.5,NA,FALSE,0,2
"60","1156","AMR-05","1156b","2-4","M",1.12,"LOI","M",NA,1.9,NA,FALSE,2,4
"60","1156","AMR-05","1156c","4-6","M",0.87,"LOI","M",NA,2,NA,FALSE,4,6
"60","1156","AMR-05","1156d","6-8","M",0.85,"LOI","M",NA,1.8,NA,FALSE,6,8
"60","1156","AMR-05","1156e","8-10","M",0.95,"LOI","M",NA,3.1,NA,FALSE,8,10
"60","1156","AMR-05","1156f","10-12","M",0.93,"LOI","M",NA,2.1,NA,FALSE,10,12
"60","1156","AMR-05","1156g","12-14","M",1.14,"LOI","M",NA,1.5,NA,FALSE,12,14
"60","1156","AMR-05","1156h","14-16","M",1.25,"LOI","M",NA,1.3,NA,FALSE,14,16
"60","1156","AMR-05","1156i","16-18","M",1.28,"LOI","M",NA,1.3,NA,FALSE,16,18
"60","1156","AMR-05","1156j","18-20","M",1.21,"LOI","M",NA,1.3,NA,FALSE,18,20
"60","1156","AMR-05","1156k",NA,"E",1.21,NA,"E",NA,1.3,NA,FALSE,NA,NA
"60","1162","AMR-12","1162a","0-2","M",0.81,"LOI","E",NA,1.4,NA,FALSE,0,2
"60","1162","AMR-12","1162b","2-4","M",1.11,"LOI","M",NA,1.4,NA,FALSE,2,4
"60","1162","AMR-12","1162c","4-6","M",1.05,"LOI","M",NA,1.1,NA,FALSE,4,6
"60","1162","AMR-12","1162d","6-8","M",1.14,"LOI","M",NA,1,NA,FALSE,6,8
"60","1162","AMR-12","1162e","8-10","M",1.17,"LOI","M",NA,1.1,NA,FALSE,8,10
"60","1162","AMR-12","1162f","10-12","M",1.08,"LOI","M",NA,1,NA,FALSE,10,12
"60","1162","AMR-12","1162g","12-14","M",1.1,"LOI","M",NA,0.9,NA,FALSE,12,14
"60","1162","AMR-12","1162h","14-16","M",1.09,"LOI","M",NA,1,NA,FALSE,14,16
"60","1162","AMR-12","1162i","16-18","M",1.14,"LOI","M",NA,1,NA,FALSE,16,18
"60","1162","AMR-12","1162j","18-20","M",0.96,"LOI","M",NA,1,NA,FALSE,18,20
"60","1162","AMR-12","1162k",NA,"E",0.96,NA,"E",NA,1,NA,FALSE,NA,NA
"65","1229","3.5.E-coreB","1229a","0-2","M",1.03,"LOI","M",NA,2.4,NA,FALSE,0,2
"65","1229","3.5.E-coreB","1229b","2-4","M",1.32,"LOI","M",NA,1.8,NA,FALSE,2,4
"65","1229","3.5.E-coreB","1229c","4-6","M",1.34,"LOI","M",NA,1.6,NA,FALSE,4,6
"65","1229","3.5.E-coreB","1229d","6-8","M",1.26,"LOI","M",NA,1.4,NA,FALSE,6,8
"65","1229","3.5.E-coreB","1229e","8-10","M",1.32,NA,"I",NA,1.2,NA,FALSE,8,10
"65","1229","3.5.E-coreB","1229f","10-12","M",1.34,"LOI","M",NA,1,NA,FALSE,10,12
"65","1229","3.5.E-coreB","1229g","12-14","M",1.41,"LOI","M",NA,1.1,NA,FALSE,12,14
"65","1229","3.5.E-coreB","1229h","14-16","M",1.38,"LOI","M",NA,1.2,NA,FALSE,14,16
"65","1229","3.5.E-coreB","1229i","16-18","M",1.41,"LOI","M",NA,1.2,NA,FALSE,16,18
"65","1229","3.5.E-coreB","1229j","18-20","M",1.4,"LOI","M",NA,1.3,NA,FALSE,18,20
"65","1229","3.5.E-coreB","1229k","20-25","M",1.39,"LOI","M",NA,1.3,NA,FALSE,20,25
"65","1229","3.5.E-coreB","1229l","25-30","M",1.36,"LOI","M",NA,1.4,NA,FALSE,25,30
"65","1229","3.5.E-coreB","1229m","30-35","M",1.31,"LOI","M",NA,1.8,NA,FALSE,30,35
"65","1229","3.5.E-coreB","1229n","35-40","M",1.33,"LOI","M",NA,1.7,NA,FALSE,35,40
"65","1229","3.5.E-coreB","1229o","40-45","M",1.37,"LOI","M",NA,1.5,NA,FALSE,40,45
"65","1229","3.5.E-coreB","1229p","45-50","M",1.39,"LOI","M",NA,1.1,NA,FALSE,45,50
"65","1230","3.5.E-coreC","1230a","0-2","M",1,"LOI","M",NA,2.8,NA,FALSE,0,2
"65","1230","3.5.E-coreC","1230b","2-4","M",1.17,"LOI","M",NA,1.9,NA,FALSE,2,4
"65","1230","3.5.E-coreC","1230c","4-6","M",1.24,"LOI","M",NA,1.9,NA,FALSE,4,6
"65","1230","3.5.E-coreC","1230d","6-8","M",1.34,"LOI","M",NA,1.6,NA,FALSE,6,8
"65","1230","3.5.E-coreC","1230e","8-10","M",1.31,"LOI","M",NA,1.5,NA,FALSE,8,10
"65","1230","3.5.E-coreC","1230f","10-12","M",1.27,"LOI","M",NA,2,NA,FALSE,10,12
"65","1230","3.5.E-coreC","1230g","12-14","M",1.3,"LOI","M",NA,1.1,NA,FALSE,12,14
"65","1230","3.5.E-coreC","1230h","14-16","M",1.33,"LOI","M",NA,1.3,NA,FALSE,14,16
"65","1230","3.5.E-coreC","1230i","16-18","M",1.34,"LOI","M",NA,1.4,NA,FALSE,16,18
"65","1230","3.5.E-coreC","1230j","18-20","M",1.3,"LOI","M",NA,1.7,NA,FALSE,18,20
"65","1230","3.5.E-coreC","1230k","20-25","M",1.32,"LOI","M",NA,1.6,NA,FALSE,20,25
"65","1230","3.5.E-coreC","1230l","25-30","M",1.3,"LOI","M",NA,1.4,NA,FALSE,25,30
"65","1230","3.5.E-coreC","1230m","30-35","M",1.24,"LOI","M",NA,3.1,NA,FALSE,30,35
"65","1230","3.5.E-coreC","1230n","35-40","M",1.28,NA,"I",NA,2.2,NA,FALSE,35,40
"65","1230","3.5.E-coreC","1230o","40-45","M",1.2,"LOI","M",NA,1.3,NA,FALSE,40,45
"65","1230","3.5.E-coreC","1230p",NA,"E",1.2,NA,"E",NA,1.3,NA,FALSE,NA,NA
"65","1231","3.5.B-coreA","1231a","0-2","M",1.28,"LOI","M",NA,1.8,NA,FALSE,0,2
"65","1231","3.5.B-coreA","1231b","2-4","M",1.22,"LOI","M",NA,1.5,NA,FALSE,2,4
"65","1231","3.5.B-coreA","1231c","4-6","M",1.21,"LOI","M",NA,1.4,NA,FALSE,4,6
"65","1231","3.5.B-coreA","1231d","6-8","M",1.28,"LOI","M",NA,1.1,NA,FALSE,6,8
"65","1231","3.5.B-coreA","1231e","8-10","M",1.29,"LOI","M",NA,2.7,NA,FALSE,8,10
"65","1231","3.5.B-coreA","1231f","10-12","M",1.31,"LOI","M",NA,1,NA,FALSE,10,12
"65","1231","3.5.B-coreA","1231g","12-14","M",1.31,"LOI","M",NA,1.1,NA,FALSE,12,14
"65","1231","3.5.B-coreA","1231h","14-16","M",1.32,"LOI","M",NA,1.5,NA,FALSE,14,16
"65","1231","3.5.B-coreA","1231i","16-18","M",1.32,"LOI","M",NA,1.6,NA,FALSE,16,18
"65","1231","3.5.B-coreA","1231j","18-20","M",1.35,"LOI","M",NA,1.3,NA,FALSE,18,20
"65","1231","3.5.B-coreA","1231k","20-25","M",1.42,"LOI","M",NA,1.3,NA,FALSE,20,25
"65","1231","3.5.B-coreA","1231l","25-30","M",1.37,"LOI","M",NA,1.4,NA,FALSE,25,30
"65","1231","3.5.B-coreA","1231m","30-35","M",1.39,"LOI","M",NA,1.4,NA,FALSE,30,35
"65","1231","3.5.B-coreA","1231n","35-40","M",1.39,"LOI","M",NA,1.4,NA,FALSE,35,40
"65","1231","3.5.B-coreA","1231o","40-45","M",1.35,"LOI","M",NA,1.3,NA,FALSE,40,45
"65","1231","3.5.B-coreA","1231p","45-50","M",1.36,"LOI","M",NA,1.5,NA,FALSE,45,50
"65","1232","3.5.B-coreB","1232a","0-2","M",1.13,"LOI","M",NA,2.6,NA,FALSE,0,2
"65","1232","3.5.B-coreB","1232b","2-4","M",1.17,"LOI","M",NA,1.7,NA,FALSE,2,4
"65","1232","3.5.B-coreB","1232c","4-6","M",1.3,"LOI","M",NA,1.6,NA,FALSE,4,6
"65","1232","3.5.B-coreB","1232d","6-8","M",1.31,"LOI","M",NA,1.1,NA,FALSE,6,8
"65","1232","3.5.B-coreB","1232e","8-10","M",1.29,"LOI","M",NA,1.3,NA,FALSE,8,10
"65","1232","3.5.B-coreB","1232f","10-12","M",1.34,"LOI","M",NA,1,NA,FALSE,10,12
"65","1232","3.5.B-coreB","1232g","12-14","M",1.31,"LOI","M",NA,1,NA,FALSE,12,14
"65","1232","3.5.B-coreB","1232h","14-16","M",1.37,"LOI","M",NA,1.1,NA,FALSE,14,16
"65","1232","3.5.B-coreB","1232i","16-18","M",1.31,"LOI","M",NA,1,NA,FALSE,16,18
"65","1232","3.5.B-coreB","1232j","18-20","M",1.32,"LOI","M",NA,1.1,NA,FALSE,18,20
"65","1232","3.5.B-coreB","1232k","20-25","M",1.4,"LOI","M",NA,1.4,NA,FALSE,20,25
"65","1232","3.5.B-coreB","1232l","25-30","M",1.39,"LOI","M",NA,1.3,NA,FALSE,25,30
"65","1232","3.5.B-coreB","1232m","30-35","M",1.35,"LOI","M",NA,1.2,NA,FALSE,30,35
"65","1232","3.5.B-coreB","1232n","35-40","M",1.32,"LOI","M",NA,1.4,NA,FALSE,35,40
"65","1232","3.5.B-coreB","1232o","40-45","M",1.36,"LOI","M",NA,1.3,NA,FALSE,40,45
"65","1232","3.5.B-coreB","1232p","45-50","M",1.43,"LOI","M",NA,1.4,NA,FALSE,45,50
"76","1579","S5","1579a","0-1","M",1.19,"CHN&LOI","M","M",2.9,0.9,FALSE,0,1
"76","1579","S5","1579b","1-2","M",1.54,"LOI","M",NA,3,NA,FALSE,1,2
"76","1579","S5","1579c","2-3","M",1.67,"LOI","M",NA,2.9,NA,FALSE,2,3
"76","1579","S5","1579d","3-4","M",1.64,"LOI","M",NA,2.8,NA,FALSE,3,4
"76","1579","S5","1579e","4-5","M",1.54,"LOI","M",NA,2.9,NA,FALSE,4,5
"76","1579","S5","1579f","5-6","M",1.61,"LOI","M",NA,3.3,NA,FALSE,5,6
"76","1579","S5","1579g","6-7","M",1.54,"LOI","M",NA,2.2,NA,FALSE,6,7
"76","1579","S5","1579h","7-8","M",1.82,"LOI","M",NA,3.2,NA,FALSE,7,8
"76","1579","S5","1579i","8-9","M",1.86,"LOI","M",NA,2.8,NA,FALSE,8,9
"76","1579","S5","1579j","9-10","M",1.67,"LOI","M",NA,2.5,NA,FALSE,9,10
"76","1579","S5","1579k","10-12","M",1.75,"LOI","M",NA,2.6,NA,FALSE,10,12
"76","1579","S5","1579l","12-14","M",1.74,"LOI","M",NA,2.5,NA,FALSE,12,14
"76","1579","S5","1579m","14-16","M",2.01,"LOI","M",NA,2.3,NA,FALSE,14,16
"76","1579","S5","1579n","16-18","M",1.91,"LOI","M",NA,2.3,NA,FALSE,16,18
"76","1579","S5","1579o","18-20","M",1.93,"LOI","M",NA,2.2,NA,FALSE,18,20
"76","1579","S5","1579p",NA,"E",1.93,NA,"E",NA,2.2,NA,FALSE,NA,NA
"76","1580","S6","1580a","0-1","M",1.71,"CHN&LOI","M","M",2.8,0.9,FALSE,0,1
"76","1580","S6","1580b","1-2","M",1.44,"CHN&LOI","M","M",2.1,0.4,FALSE,1,2
"76","1580","S6","1580c","2-3","M",1.58,"CHN&LOI","M","M",2,0.4,FALSE,2,3
"76","1580","S6","1580d","3-4","M",1.63,"CHN&LOI","M","M",2.1,0.4,FALSE,3,4
"76","1580","S6","1580e","4-5","M",1.67,"CHN&LOI","M","M",2,0.4,FALSE,4,5
"76","1580","S6","1580f","5-6","M",1.47,"LOI","I","I",2.1,NA,FALSE,5,6
"76","1580","S6","1580g","6-7","M",1.56,"CHN&LOI","M","M",2.2,0.5,FALSE,6,7
"76","1580","S6","1580h","7-8","M",1.57,"CHN&LOI","M","M",2.2,0.7,FALSE,7,8
"76","1580","S6","1580i","8-9","M",1.46,"CHN&LOI","M","M",2.2,0.4,FALSE,8,9
"76","1580","S6","1580j","9-10","M",1.5,"CHN&LOI","M","M",2,0.4,FALSE,9,10
"76","1580","S6","1580k","10-12","M",1.87,"CHN&LOI","M","M",2.1,0.6,FALSE,10,12
"76","1580","S6","1580l","12-14","M",1.56,"CHN&LOI","M","M",2.2,0.3,FALSE,12,14
"76","1580","S6","1580m","14-16","M",1.85,"CHN&LOI","M","M",2.8,0.6,FALSE,14,16
"76","1580","S6","1580n","16-18","M",1.76,"CHN&LOI","M","M",2.6,1,FALSE,16,18
"76","1580","S6","1580o","18-20","M",1.69,"CHN&LOI","M","M",5.5,1.5,FALSE,18,20
"76","1580","S6","1580p",NA,"E",1.69,NA,"E","E",5.5,1.5,FALSE,NA,NA
"76","1581","S7","1581a","0-1","M",1.72,"CHN&LOI","M","M",2.7,0.4,FALSE,0,1
"76","1581","S7","1581b","1-2","M",1.64,"LOI","M",NA,2.3,NA,FALSE,1,2
"76","1581","S7","1581c","2-3","M",1.69,"LOI","M",NA,2.8,NA,FALSE,2,3
"76","1581","S7","1581d","3-4","M",1.78,"LOI","M",NA,2.8,NA,FALSE,3,4
"76","1581","S7","1581e","4-5","M",1.73,"LOI","M",NA,2.4,NA,FALSE,4,5
"76","1581","S7","1581f","5-6","M",1.9,"LOI","M",NA,2.4,NA,FALSE,5,6
"76","1581","S7","1581g","6-7","M",1.62,"LOI","M",NA,2.5,NA,FALSE,6,7
"76","1581","S7","1581h","7-8","M",1.73,"LOI","M",NA,2.2,NA,FALSE,7,8
"76","1581","S7","1581i","8-9","M",1.96,"LOI","M",NA,2,NA,FALSE,8,9
"76","1581","S7","1581j","9-10","M",1.76,"LOI","M",NA,2.2,NA,FALSE,9,10
"76","1581","S7","1581k","10-12","M",1.62,"LOI","M",NA,2.3,NA,FALSE,10,12
"76","1581","S7","1581l","12-14","M",1.87,"LOI","M",NA,2.5,NA,FALSE,12,14
"76","1581","S7","1581m","14-16","M",1.77,"LOI","M",NA,2,NA,FALSE,14,16
"76","1581","S7","1581n","16-18","M",1.74,"LOI","M",NA,2.3,NA,FALSE,16,18
"76","1581","S7","1581o","18-20","M",1.86,"LOI","M",NA,2,NA,FALSE,18,20
"76","1581","S7","1581p",NA,"E",1.86,NA,"E",NA,2,NA,FALSE,NA,NA
"80","1673","A1","1673a","0-10","M",0.98,"CHN",NA,"M",NA,0.1,FALSE,0,10
"80","1673","A1","1673b","10-20","M",1.08,"CHN",NA,"M",NA,0.1,FALSE,10,20
"80","1673","A1","1673c","20-30","M",1.09,"CHN",NA,"M",NA,0.1,FALSE,20,30
"80","1673","A1","1673d","30-40","M",1.04,"CHN",NA,"M",NA,0.1,FALSE,30,40
"80","1673","A1","1673e","40-50","M",1.03,"CHN",NA,"M",NA,0.1,FALSE,40,50
"80","1673","A1","1673f","50-100","M",1.07,"CHN",NA,"M",NA,0.1,FALSE,50,100
"80","1674","A2","1674a","0-10","M",1.11,"CHN",NA,"M",NA,0.1,FALSE,0,10
"80","1674","A2","1674b","10-20","M",1.02,"CHN",NA,"M",NA,0.1,FALSE,10,20
"80","1674","A2","1674c","20-30","M",1.14,"CHN",NA,"M",NA,0.1,FALSE,20,30
"80","1674","A2","1674d","30-40","M",1.08,"CHN",NA,"M",NA,0.1,FALSE,30,40
"80","1674","A2","1674e","40-50","M",1.04,"CHN",NA,"M",NA,0.1,FALSE,40,50
"80","1674","A2","1674f","50-100","M",1,"CHN",NA,"M",NA,0.1,FALSE,50,100
"80","1675","A3","1675a","0-10","M",0.99,"CHN",NA,"M",NA,0.1,FALSE,0,10
"80","1675","A3","1675b","10-20","M",0.99,"CHN",NA,"M",NA,0.1,FALSE,10,20
"80","1675","A3","1675c","20-30","M",1.1,"CHN",NA,"M",NA,0.1,FALSE,20,30
"80","1675","A3","1675d","30-40","M",0.97,"CHN",NA,"M",NA,0.1,FALSE,30,40
"80","1675","A3","1675e","40-50","M",0.99,"CHN",NA,"M",NA,0.1,FALSE,40,50
"80","1675","A3","1675f","50-100","M",1,"CHN",NA,"M",NA,0.1,FALSE,50,100
"80","1676","B1","1676a","0-10","M",1.03,"CHN",NA,"M",NA,0.1,FALSE,0,10
"80","1676","B1","1676b","10-20","M",1.05,"CHN",NA,"M",NA,0.1,FALSE,10,20
"80","1676","B1","1676c","20-30","M",0.99,"CHN",NA,"M",NA,0.1,FALSE,20,30
"80","1676","B1","1676d","30-40","M",1.04,"CHN",NA,"M",NA,0.1,FALSE,30,40
"80","1676","B1","1676e","40-50","M",1.1,"CHN",NA,"M",NA,0.1,FALSE,40,50
"80","1676","B1","1676f","50-100","M",1.11,"CHN",NA,"M",NA,0.1,FALSE,50,100
"80","1677","B2","1677a","0-10","M",1.08,"CHN",NA,"M",NA,0.1,FALSE,0,10
"80","1677","B2","1677b","10-20","M",1.07,"CHN",NA,"M",NA,0.1,FALSE,10,20
"80","1677","B2","1677c","20-30","M",1.14,"CHN",NA,"M",NA,0.1,FALSE,20,30
"80","1677","B2","1677d","30-40","M",1.33,"CHN",NA,"M",NA,0.1,FALSE,30,40
"80","1677","B2","1677e","40-50","M",1.37,"CHN",NA,"M",NA,0.1,FALSE,40,50
"80","1677","B2","1677f","50-100","M",1.37,"CHN",NA,"M",NA,0.1,FALSE,50,100
"80","1678","B3","1678a","0-10","M",1.15,"CHN",NA,"M",NA,0.2,FALSE,0,10
"80","1678","B3","1678b","10-20","M",1.25,"CHN",NA,"M",NA,0.1,FALSE,10,20
"80","1678","B3","1678c","20-30","M",1.1,"CHN",NA,"M",NA,0.1,FALSE,20,30
"80","1678","B3","1678d","30-40","M",1.04,"CHN",NA,"M",NA,0.1,FALSE,30,40
"80","1678","B3","1678e","40-50","M",1.2,"CHN",NA,"M",NA,0.1,FALSE,40,50
"80","1678","B3","1678f","50-100","M",1.09,"CHN",NA,"M",NA,0.1,FALSE,50,100
"80","1679","C1","1679a","0-10","M",1.44,"CHN",NA,"M",NA,0.3,FALSE,0,10
"80","1679","C1","1679b","10-20","M",1.34,"CHN",NA,"M",NA,0.2,FALSE,10,20
"80","1679","C1","1679c","20-30","M",0.98,"CHN",NA,"M",NA,0.4,FALSE,20,30
"80","1679","C1","1679d","30-40","M",1.01,"CHN",NA,"M",NA,0.2,FALSE,30,40
"80","1679","C1","1679e","40-50","M",1.1,"CHN",NA,"M",NA,0.3,FALSE,40,50
"80","1679","C1","1679f","50-100","M",1.03,"CHN",NA,"M",NA,1.1,FALSE,50,100
"80","1680","C2","1680a","0-10","M",1.07,"CHN",NA,"M",NA,0.5,FALSE,0,10
"80","1680","C2","1680b","10-20","M",1.34,"CHN",NA,"M",NA,0.2,FALSE,10,20
"80","1680","C2","1680c","20-30","M",1.29,"CHN",NA,"M",NA,0.1,FALSE,20,30
"80","1680","C2","1680d","30-40","M",1.43,"CHN",NA,"M",NA,0.1,FALSE,30,40
"80","1680","C2","1680e","40-50","M",1.23,"CHN",NA,"M",NA,0.1,FALSE,40,50
"80","1680","C2","1680f","50-100","M",1.19,"CHN",NA,"M",NA,0.3,FALSE,50,100
"80","1681","C3","1681a","0-10","M",1.17,"CHN",NA,"M",NA,0.4,FALSE,0,10
"80","1681","C3","1681b","10-20","M",1.05,"CHN",NA,"M",NA,0.1,FALSE,10,20
"80","1681","C3","1681c","20-30","M",1.13,"CHN",NA,"M",NA,0.2,FALSE,20,30
"80","1681","C3","1681d","30-40","M",1.25,"CHN",NA,"M",NA,0.1,FALSE,30,40
"80","1681","C3","1681e","40-50","M",1.07,"CHN",NA,"M",NA,0.6,FALSE,40,50
"80","1681","C3","1681f","50-100","M",0.8,"CHN",NA,"M",NA,0.8,FALSE,50,100
"80","1682","D-1 1","1682a","0-10","M",1.08,"CHN",NA,"M",NA,0.4,FALSE,0,10
"80","1682","D-1 1","1682b","10-20","M",1.05,"CHN",NA,"M",NA,0.3,FALSE,10,20
"80","1682","D-1 1","1682c","20-30","M",0.93,"CHN",NA,"M",NA,0.3,FALSE,20,30
"80","1682","D-1 1","1682d","30-40","M",0.82,"CHN",NA,"M",NA,0.3,FALSE,30,40
"80","1682","D-1 1","1682e","40-50","M",0.85,"CHN",NA,"M",NA,0.1,FALSE,40,50
"80","1682","D-1 1","1682f","50-100","M",0.84,"CHN",NA,"M",NA,0.1,FALSE,50,100
"80","1683","D-1 2","1683a","0-10","M",1.17,"CHN",NA,"M",NA,0.3,FALSE,0,10
"80","1683","D-1 2","1683b","10-20","M",1.03,"CHN",NA,"M",NA,0.3,FALSE,10,20
"80","1683","D-1 2","1683c","20-30","M",0.92,"CHN",NA,"M",NA,0.2,FALSE,20,30
"80","1683","D-1 2","1683d","30-40","M",1.13,"CHN",NA,"M",NA,0.2,FALSE,30,40
"80","1683","D-1 2","1683e","40-50","M",0.98,"CHN",NA,"M",NA,0.1,FALSE,40,50
"80","1683","D-1 2","1683f","50-100","M",1.32,"CHN",NA,"M",NA,0.1,FALSE,50,100
"80","1684","D-1 3","1684a","0-10","M",1.23,"CHN",NA,"M",NA,0.4,FALSE,0,10
"80","1684","D-1 3","1684b","10-20","M",1.31,"CHN",NA,"M",NA,0.1,FALSE,10,20
"80","1684","D-1 3","1684c","20-30","M",1.2,"CHN",NA,"M",NA,0.1,FALSE,20,30
"80","1684","D-1 3","1684d","30-40","M",1.28,"CHN",NA,"M",NA,0.1,FALSE,30,40
"80","1684","D-1 3","1684e","40-50","M",1.13,"CHN",NA,"M",NA,0.1,FALSE,40,50
"80","1684","D-1 3","1684f","50-100","M",1.21,"CHN",NA,"M",NA,0,FALSE,50,100
"80","1685","D-2 1","1685a","0-10","M",1.31,"CHN",NA,"M",NA,0.2,FALSE,0,10
"80","1685","D-2 1","1685b","10-20","M",1.06,"CHN",NA,"M",NA,0.1,FALSE,10,20
"80","1685","D-2 1","1685c","20-30","M",1.55,"CHN",NA,"M",NA,0.1,FALSE,20,30
"80","1685","D-2 1","1685d","30-40","M",1.4,"CHN",NA,"M",NA,0.3,FALSE,30,40
"80","1685","D-2 1","1685e","40-50","M",1.4,"CHN",NA,"M",NA,0.2,FALSE,40,50
"80","1685","D-2 1","1685f","50-100","M",1.54,"CHN",NA,"M",NA,0.4,FALSE,50,100
"80","1686","D-2 2","1686a","0-10","M",1.32,"CHN",NA,"M",NA,0.1,FALSE,0,10
"80","1686","D-2 2","1686b","10-20","M",1.5,"CHN",NA,"M",NA,0.2,FALSE,10,20
"80","1686","D-2 2","1686c","20-30","M",1.33,"CHN",NA,"M",NA,0.1,FALSE,20,30
"80","1686","D-2 2","1686d","30-40","M",1.4,"CHN",NA,"M",NA,0.1,FALSE,30,40
"80","1686","D-2 2","1686e","40-50","M",1.55,"CHN",NA,"M",NA,0.4,FALSE,40,50
"80","1686","D-2 2","1686f","50-100","M",1.52,"CHN",NA,"M",NA,0.3,FALSE,50,100
"80","1687","D-2 3","1687a","0-10","M",1.43,"CHN",NA,"M",NA,0.2,FALSE,0,10
"80","1687","D-2 3","1687b","10-20","M",1.28,"CHN",NA,"M",NA,0.1,FALSE,10,20
"80","1687","D-2 3","1687c","20-30","M",1.26,"CHN",NA,"M",NA,0.1,FALSE,20,30
"80","1687","D-2 3","1687d","30-40","M",1.25,"CHN",NA,"M",NA,0.1,FALSE,30,40
"80","1687","D-2 3","1687e","40-50","M",1.33,"CHN",NA,"M",NA,0.2,FALSE,40,50
"80","1687","D-2 3","1687f","50-100","M",1.36,"CHN",NA,"M",NA,0.3,FALSE,50,100
"80","1688","D-3 1","1688a","0-10","M",1.34,"CHN",NA,"M",NA,0.2,FALSE,0,10
"80","1688","D-3 1","1688b","10-20","M",1.24,"CHN",NA,"M",NA,0.1,FALSE,10,20
"80","1688","D-3 1","1688c","20-30","M",1.22,"CHN",NA,"M",NA,0.1,FALSE,20,30
"80","1688","D-3 1","1688d","30-40","M",1.16,"CHN",NA,"M",NA,0.1,FALSE,30,40
"80","1688","D-3 1","1688e","40-47","M",1.44,"CHN",NA,"M",NA,0.1,FALSE,40,47
"80","1688","D-3 1","1688f",NA,"E",1.44,NA,NA,"E",NA,0.1,FALSE,NA,NA
"80","1689","D-3 2","1689a","0-10","M",1.16,"CHN",NA,"M",NA,0.2,FALSE,0,10
"80","1689","D-3 2","1689b","10-20","M",1.17,"CHN",NA,"M",NA,0.2,FALSE,10,20
"80","1689","D-3 2","1689c","20-30","M",1.29,"CHN",NA,"M",NA,0.2,FALSE,20,30
"80","1689","D-3 2","1689d","30-40","M",1.41,"CHN",NA,"M",NA,0.2,FALSE,30,40
"80","1689","D-3 2","1689e","40-50","M",1.56,"CHN",NA,"M",NA,1.1,FALSE,40,50
"80","1689","D-3 2","1689f","50-100","M",1.56,"CHN",NA,"M",NA,0.8,FALSE,50,100
"80","1690","D-3 3","1690a","0-10","M",1.24,"CHN",NA,"M",NA,0.2,FALSE,0,10
"80","1690","D-3 3","1690b","10-20","M",1.47,"CHN",NA,"M",NA,0.9,FALSE,10,20
"80","1690","D-3 3","1690c","20-30","M",1.62,"CHN",NA,"M",NA,0.5,FALSE,20,30
"80","1690","D-3 3","1690d","30-40","M",1.44,"CHN",NA,"M",NA,0.1,FALSE,30,40
"80","1690","D-3 3","1690e","40-50","M",1.23,"CHN",NA,"M",NA,0.1,FALSE,40,50
"80","1690","D-3 3","1690f","50-100","M",1.19,"CHN",NA,"M",NA,0.1,FALSE,50,100
"80","1691","E1","1691a","0-10","M",0.75,"CHN",NA,"M",NA,1,FALSE,0,10
"80","1691","E1","1691b","10-20","M",0.99,"CHN",NA,"M",NA,0.7,FALSE,10,20
"80","1691","E1","1691c","20-30","M",1.07,"CHN",NA,"M",NA,0.5,FALSE,20,30
"80","1691","E1","1691d","30-40","M",1.16,"CHN",NA,"M",NA,0.4,FALSE,30,40
"80","1691","E1","1691e","40-50","M",1.19,"CHN",NA,"M",NA,0.4,FALSE,40,50
"80","1691","E1","1691f","50-100","M",1.4,"CHN",NA,"M",NA,0.2,FALSE,50,100
"80","1692","E2","1692a","0-10","M",0.72,"CHN",NA,"M",NA,1,FALSE,0,10
"80","1692","E2","1692b","10-20","M",0.9,"CHN",NA,"M",NA,0.8,FALSE,10,20
"80","1692","E2","1692c","20-30","M",1.27,"CHN",NA,"M",NA,0.4,FALSE,20,30
"80","1692","E2","1692d","30-40","M",1.12,"CHN",NA,"M",NA,0.4,FALSE,30,40
"80","1692","E2","1692e","40-50","M",1.18,"CHN",NA,"M",NA,0.4,FALSE,40,50
"80","1692","E2","1692f","50-100","M",1.59,"CHN",NA,"M",NA,0.3,FALSE,50,100
"80","1693","E3","1693a","0-10","M",0.79,"CHN",NA,"M",NA,0.7,FALSE,0,10
"80","1693","E3","1693b","10-20","M",0.55,"CHN",NA,"M",NA,0.7,FALSE,10,20
"80","1693","E3","1693c","20-30","M",1.06,"CHN",NA,"M",NA,0.6,FALSE,20,30
"80","1693","E3","1693d","30-40","M",1.09,"CHN",NA,"M",NA,0.5,FALSE,30,40
"80","1693","E3","1693e","40-50","M",1.06,"CHN",NA,"M",NA,0.4,FALSE,40,50
"80","1693","E3","1693f","50-100","M",1.55,"CHN",NA,"M",NA,0.2,FALSE,50,100
"80","1694","F1","1694a","0-10","M",0.83,"CHN",NA,"M",NA,0.7,FALSE,0,10
"80","1694","F1","1694b","10-20","M",1.08,"CHN",NA,"M",NA,0.6,FALSE,10,20
"80","1694","F1","1694c","20-30","M",1.14,"CHN",NA,"M",NA,0.8,FALSE,20,30
"80","1694","F1","1694d","30-40","M",1.12,"CHN",NA,"M",NA,0.9,FALSE,30,40
"80","1694","F1","1694e","40-50","M",1.3,"CHN",NA,"M",NA,0.8,FALSE,40,50
"80","1694","F1","1694f","50-100","M",1.12,"CHN",NA,"M",NA,0.8,FALSE,50,100
"80","1695","F2","1695a","0-10","M",1.32,"CHN",NA,"M",NA,0.6,FALSE,0,10
"80","1695","F2","1695b","10-20","M",1.38,"CHN",NA,"M",NA,0.7,FALSE,10,20
"80","1695","F2","1695c","20-30","M",1.25,"CHN",NA,"M",NA,0.6,FALSE,20,30
"80","1695","F2","1695d","30-40","M",1.22,"CHN",NA,"M",NA,1,FALSE,30,40
"80","1695","F2","1695e","40-50","M",1.25,"CHN",NA,"M",NA,0.9,FALSE,40,50
"80","1695","F2","1695f","50-100","M",1.08,"CHN",NA,"M",NA,0.9,FALSE,50,100
"80","1696","F4","1696a","0-10","M",0.91,"CHN",NA,"M",NA,0.8,FALSE,0,10
"80","1696","F4","1696b","10-20","M",1.39,"CHN",NA,"M",NA,0.8,FALSE,10,20
"80","1696","F4","1696c","20-30","M",1.2,"CHN",NA,"M",NA,0.8,FALSE,20,30
"80","1696","F4","1696d","30-40","M",1.29,"CHN",NA,"M",NA,1,FALSE,30,40
"80","1696","F4","1696e","40-50","M",1.16,"CHN",NA,"M",NA,1.2,FALSE,40,50
"80","1696","F4","1696f","50-100","M",1.06,"CHN",NA,"M",NA,1,FALSE,50,100
"80","1703","I1","1703a","0-10","M",1,"CHN",NA,"M",NA,0.6,FALSE,0,10
"80","1703","I1","1703b","10-20","M",1.26,"CHN",NA,"M",NA,0.2,FALSE,10,20
"80","1703","I1","1703c","20-30","M",1.31,"CHN",NA,"M",NA,0.3,FALSE,20,30
"80","1703","I1","1703d","30-40","M",1.4,"CHN",NA,"M",NA,0.4,FALSE,30,40
"80","1703","I1","1703e","40-50","M",1.22,"CHN",NA,"M",NA,0.3,FALSE,40,50
"80","1703","I1","1703f","50-100","M",1.48,"CHN",NA,"M",NA,0,FALSE,50,100
"80","1704","I2","1704a","0-10","M",1.29,"CHN",NA,"M",NA,0.4,FALSE,0,10
"80","1704","I2","1704b","10-20","M",1.06,"CHN",NA,"M",NA,0.4,FALSE,10,20
"80","1704","I2","1704c","20-30","M",1.19,"CHN",NA,"M",NA,0.5,FALSE,20,30
"80","1704","I2","1704d","30-40","M",1.07,"CHN",NA,"M",NA,0.5,FALSE,30,40
"80","1704","I2","1704e","40-50","M",1.32,"CHN",NA,"M",NA,0.4,FALSE,40,50
"80","1704","I2","1704f","50-100","M",1.3,"CHN",NA,"M",NA,0.2,FALSE,50,100
"80","1705","I3","1705a","0-10","M",1.16,"CHN",NA,"M",NA,0.5,FALSE,0,10
"80","1705","I3","1705b","10-20","M",1.31,"CHN",NA,"M",NA,0.3,FALSE,10,20
"80","1705","I3","1705c","20-30","M",1.52,"CHN",NA,"M",NA,0.3,FALSE,20,30
"80","1705","I3","1705d","30-40","M",1.29,"CHN",NA,"M",NA,0.1,FALSE,30,40
"80","1705","I3","1705e","40-50","M",1.34,"CHN",NA,"M",NA,0.1,FALSE,40,50
"80","1705","I3","1705f","50-100","M",1.51,"CHN",NA,"M",NA,0,FALSE,50,100
